次數,原始排序,Weight排序,GCD排序,包容力排序
Time_Forward
20,flows
1,282,222,252,244
2,220,242,200,256
3,218,212,210,280
4,197,209,244,281
5,256,285,207,195
6,258,225,212,227
7,210,220,281,250
8,172,206,216,242
9,183,186,314,274
10,300,184,271,196
11,292,227,243,297
12,276,218,169,224
13,236,200,206,232
14,255,257,183,285
15,209,225,258,286
16,395,252,220,258
17,255,215,214,201
18,206,254,257,183
19,261,190,202,189
20,281,290,231,236
21,279,218,249,257
22,220,215,220,221
23,228,213,217,272
24,167,297,242,172
25,179,199,245,253
26,212,180,238,170
27,271,212,212,207
28,233,237,212,233
29,195,252,227,246
30,212,223,211,187
31,204,201,225,296
32,221,248,294,264
33,282,231,256,276
34,183,281,224,291
35,231,239,247,208
36,223,185,212,188
37,227,298,170,190
38,224,217,254,211
39,247,202,314,190
40,230,199,239,188
41,187,203,194,198
42,285,244,244,338
43,258,197,189,221
44,203,224,184,175
45,196,254,222,210
46,198,267,218,194
47,236,224,197,232
48,236,268,210,198
49,273,278,196,206
50,235,216,198,270
51,217,202,277,255
52,352,295,212,216
53,241,207,250,223
54,254,249,217,191
55,190,218,191,263
56,279,247,258,227
57,244,249,204,229
58,250,258,267,222
59,232,198,189,189
60,216,247,222,249
61,196,341,179,219
62,266,222,224,275
63,257,184,235,187
64,241,278,216,247
65,242,276,224,216
66,203,228,257,246
67,224,192,256,265
68,250,230,164,270
69,208,198,267,208
70,305,196,240,213
71,186,255,261,268
72,208,247,228,186
73,295,176,221,241
74,256,238,258,222
75,215,200,183,202
76,262,301,263,261
77,242,241,188,272
78,237,267,196,290
79,253,218,212,221
80,234,214,206,192
81,195,228,205,189
82,260,251,289,300
83,229,243,215,281
84,255,250,266,225
85,238,265,243,257
86,183,259,191,188
87,191,307,186,222
88,239,194,210,293
89,292,246,251,305
90,208,201,232,246
91,267,203,197,193
92,181,253,241,213
93,197,185,217,272
94,217,229,225,164
95,213,294,169,251
96,271,274,223,203
97,194,194,242,247
98,240,188,213,277
99,192,212,241,255
100,250,234,203,311
40,flows
1,384,482,491,330
2,406,426,398,343
3,363,319,302,381
4,404,383,350,351
5,370,454,551,341
6,305,370,302,319
7,344,343,293,394
8,369,358,380,338
9,312,366,341,327
10,421,355,323,385
11,399,302,333,308
12,309,398,367,328
13,335,309,299,329
14,409,290,301,336
15,421,382,284,306
16,316,371,311,314
17,324,277,416,348
18,408,355,333,303
19,381,387,317,364
20,337,339,310,439
21,332,291,268,313
22,330,401,373,291
23,361,285,327,381
24,382,410,353,336
25,413,357,452,289
26,453,296,320,366
27,330,374,350,329
28,374,396,361,303
29,358,418,402,337
30,323,342,323,336
31,423,361,364,281
32,331,451,429,314
33,344,326,327,325
34,374,377,376,347
35,292,373,299,428
36,306,344,334,301
37,322,298,395,297
38,401,310,417,304
39,267,296,399,360
40,333,389,331,359
41,371,288,313,347
42,363,338,344,413
43,287,295,284,283
44,492,334,356,295
45,350,338,346,316
46,273,385,341,284
47,340,392,357,279
48,337,334,364,305
49,413,334,332,319
50,338,291,393,340
51,349,348,448,299
52,345,352,346,327
53,371,333,405,352
54,457,403,327,372
55,333,392,358,304
56,364,389,313,307
57,271,297,293,362
58,305,348,383,283
59,315,274,293,351
60,335,362,344,401
61,322,426,348,319
62,386,365,395,356
63,312,356,383,303
64,302,307,384,332
65,334,367,371,304
66,358,456,333,313
67,327,337,354,443
68,321,364,319,381
69,331,349,278,370
70,335,269,357,324
71,364,356,370,355
72,381,470,401,327
73,390,328,302,362
74,323,322,295,418
75,275,340,335,393
76,320,402,338,345
77,256,302,330,412
78,302,364,362,307
79,371,361,335,353
80,318,317,376,383
81,333,296,294,381
82,332,412,282,346
83,361,398,367,349
84,415,326,387,298
85,316,332,354,281
86,290,344,341,323
87,311,474,338,516
88,304,388,310,288
89,319,519,311,348
90,314,323,293,278
91,304,376,299,318
92,394,299,297,325
93,317,364,365,330
94,364,336,315,290
95,331,338,367,377
96,398,318,421,389
97,317,338,361,294
98,377,377,326,291
99,400,436,355,322
100,306,321,301,281
60,flows
1,482,528,524,434
2,520,451,445,430
3,404,501,502,471
4,463,488,470,460
5,367,506,465,396
6,532,415,447,490
7,443,462,549,541
8,399,503,529,414
9,405,414,389,446
10,436,484,446,459
11,368,481,451,448
12,515,420,438,504
13,431,494,399,456
14,489,475,484,460
15,541,424,397,526
16,338,434,534,483
17,390,444,462,410
18,387,433,474,496
19,477,444,508,406
20,435,490,425,471
21,513,464,472,442
22,461,468,429,380
23,512,400,396,443
24,442,449,477,444
25,433,415,427,408
26,433,475,537,498
27,573,531,508,458
28,463,438,493,431
29,469,475,491,501
30,478,453,476,467
31,423,445,519,469
32,407,471,543,497
33,462,551,464,409
34,453,438,440,407
35,416,495,468,480
36,447,516,455,493
37,481,506,430,429
38,430,479,495,398
39,361,490,467,417
40,529,485,510,470
41,427,465,461,484
42,459,426,450,437
43,399,381,491,471
44,504,436,610,516
45,464,433,408,432
46,441,536,436,421
47,469,545,611,383
48,444,391,417,442
49,472,407,474,431
50,461,421,423,442
51,402,441,531,413
52,390,455,506,469
53,415,525,569,406
54,498,564,468,379
55,454,511,422,461
56,420,396,538,489
57,430,474,452,392
58,355,431,565,541
59,458,530,483,432
60,404,537,487,407
61,399,421,512,453
62,452,460,510,428
63,507,459,427,497
64,467,417,454,477
65,477,461,540,404
66,424,396,488,463
67,358,468,431,420
68,517,423,566,427
69,433,489,450,403
70,462,495,486,483
71,418,536,450,484
72,443,419,484,390
73,510,425,523,538
74,443,429,410,437
75,463,569,381,389
76,466,493,478,459
77,453,552,470,451
78,506,476,445,444
79,457,481,530,440
80,450,487,522,465
81,432,582,474,469
82,518,493,422,397
83,414,515,415,491
84,447,411,462,387
85,443,437,482,427
86,441,528,446,523
87,480,485,389,439
88,545,433,416,431
89,441,435,425,389
90,358,439,460,457
91,417,482,447,515
92,394,469,483,435
93,425,514,609,374
94,455,499,536,488
95,387,496,497,415
96,396,574,436,439
97,451,451,433,473
98,362,413,427,443
99,399,374,476,450
100,512,405,430,448
80,flows
1,420,579,647,454
2,596,580,567,525
3,561,573,572,532
4,526,636,567,581
5,433,573,611,548
6,479,674,680,518
7,531,502,651,516
8,626,576,544,486
9,600,609,622,472
10,486,608,519,610
11,533,545,472,438
12,547,646,575,502
13,609,599,643,558
14,594,665,582,515
15,690,605,613,518
16,529,629,579,509
17,545,684,499,550
18,514,441,539,561
19,541,545,542,561
20,634,492,517,589
21,545,617,569,630
22,560,584,621,524
23,686,532,600,617
24,652,620,559,507
25,577,537,561,477
26,551,560,529,544
27,578,681,668,654
28,672,664,585,570
29,568,696,686,590
30,598,509,591,526
31,524,675,565,526
32,506,595,545,564
33,581,549,658,596
34,601,561,521,577
35,506,583,560,519
36,516,617,675,469
37,551,520,533,694
38,533,540,560,525
39,567,638,507,620
40,512,676,539,584
41,586,571,580,567
42,531,624,520,536
43,474,548,557,545
44,560,523,517,562
45,590,575,567,536
46,528,574,624,603
47,620,474,562,574
48,432,679,560,510
49,573,594,553,502
50,437,631,567,502
51,528,527,594,518
52,604,598,624,513
53,526,539,528,526
54,524,592,529,493
55,563,518,553,590
56,655,623,535,518
57,632,701,559,620
58,460,606,535,543
59,480,541,597,659
60,574,549,543,547
61,557,624,510,498
62,528,543,526,499
63,597,538,534,559
64,620,576,563,535
65,578,561,631,543
66,458,591,603,457
67,545,605,484,540
68,625,523,566,598
69,479,540,597,494
70,490,512,759,524
71,493,530,479,507
72,506,550,490,566
73,497,656,582,533
74,650,534,565,541
75,614,606,574,557
76,501,644,656,535
77,650,516,584,562
78,665,623,521,497
79,489,595,551,585
80,577,645,638,542
81,493,625,530,539
82,590,496,636,548
83,518,545,551,620
84,539,655,626,489
85,595,596,503,479
86,454,530,543,525
87,592,647,617,544
88,505,573,467,609
89,618,518,533,535
90,686,611,631,506
91,450,602,536,573
92,582,543,656,610
93,486,568,508,459
94,523,503,532,514
95,585,498,619,521
96,555,600,507,537
97,558,523,677,579
98,587,580,599,580
99,619,625,507,560
100,535,593,558,661
100,flows
1,661,652,680,603
2,663,603,705,606
3,542,698,655,575
4,802,660,663,635
5,648,631,692,629
6,670,741,679,659
7,660,650,743,729
8,679,716,639,615
9,592,701,673,629
10,810,698,825,649
11,637,871,686,587
12,610,653,809,643
13,642,776,622,634
14,682,686,612,614
15,625,706,725,664
16,757,749,648,631
17,624,605,682,595
18,575,703,610,615
19,685,662,675,636
20,684,677,573,657
21,565,737,668,597
22,800,692,637,689
23,747,593,653,564
24,663,686,706,637
25,613,706,652,616
26,587,677,698,609
27,630,679,779,583
28,649,615,758,683
29,615,692,667,656
30,568,592,663,649
31,632,660,673,616
32,587,692,652,656
33,625,775,622,573
34,569,672,663,658
35,666,717,754,651
36,587,764,788,584
37,707,780,806,594
38,696,781,817,618
39,580,725,734,669
40,677,777,741,577
41,664,687,743,676
42,711,707,602,671
43,680,788,660,648
44,584,757,706,616
45,642,796,656,744
46,603,731,779,655
47,622,660,753,606
48,685,732,694,578
49,542,673,747,634
50,663,663,695,591
51,748,868,648,615
52,642,621,680,644
53,588,676,835,585
54,813,784,665,593
55,599,701,747,594
56,845,641,629,689
57,759,709,611,670
58,629,754,728,572
59,680,801,672,705
60,756,742,626,658
61,600,615,661,612
62,567,672,675,621
63,553,687,753,658
64,775,683,747,588
65,603,650,720,623
66,656,708,630,559
67,724,715,660,611
68,545,683,671,599
69,592,596,705,600
70,654,707,707,747
71,671,626,750,649
72,628,728,718,708
73,609,684,604,596
74,597,650,716,680
75,750,704,679,625
76,631,675,636,558
77,591,753,645,635
78,613,640,604,594
79,661,773,596,646
80,727,674,658,649
81,659,745,746,633
82,734,654,612,575
83,826,687,703,682
84,640,671,794,573
85,692,640,854,654
86,633,596,786,688
87,719,828,738,607
88,671,620,754,574
89,763,684,608,610
90,616,733,683,651
91,567,703,576,622
92,670,754,741,636
93,656,592,757,679
94,668,597,617,724
95,688,709,678,591
96,750,668,638,633
97,692,612,758,607
98,569,636,622,716
99,673,669,580,685
100,644,710,714,646
Time_Backward
20,flows
1,211,277,275,293
2,276,244,200,328
3,208,248,276,228
4,237,250,246,183
5,294,239,297,282
6,206,215,242,204
7,212,236,248,319
8,228,197,247,251
9,290,264,237,222
10,241,294,323,214
11,273,324,327,226
12,256,262,258,293
13,209,224,267,238
14,196,229,254,232
15,200,239,238,282
16,230,229,200,223
17,243,195,239,267
18,242,232,283,286
19,321,279,187,198
20,240,214,257,267
21,253,218,237,219
22,212,297,269,256
23,186,238,187,232
24,255,251,225,300
25,274,210,272,233
26,239,230,203,212
27,224,210,297,237
28,264,297,245,255
29,235,247,271,244
30,227,195,286,191
31,225,215,255,275
32,208,259,210,228
33,210,251,227,256
34,227,267,248,222
35,218,268,184,354
36,292,250,209,229
37,217,201,217,260
38,240,240,282,217
39,201,240,242,283
40,248,250,289,247
41,279,212,219,225
42,256,276,201,204
43,213,272,260,196
44,247,197,218,255
45,194,249,227,256
46,234,216,241,258
47,311,283,268,229
48,232,196,210,239
49,241,231,238,235
50,251,253,238,314
51,285,255,284,241
52,212,259,273,235
53,271,253,229,221
54,225,283,227,295
55,301,295,268,240
56,289,239,240,302
57,234,217,209,293
58,246,250,228,269
59,342,194,260,197
60,227,194,276,240
61,319,229,196,249
62,259,233,194,304
63,206,225,234,274
64,219,222,273,219
65,240,333,220,219
66,227,228,206,306
67,225,302,196,285
68,271,307,219,222
69,232,241,282,271
70,290,264,233,301
71,309,246,264,260
72,234,199,311,260
73,245,218,268,245
74,207,197,258,252
75,231,234,198,239
76,242,229,300,250
77,224,220,225,252
78,233,217,274,270
79,235,249,201,224
80,223,267,233,251
81,296,294,243,231
82,235,336,215,338
83,249,208,253,220
84,372,250,190,262
85,209,224,233,317
86,197,245,277,238
87,287,233,249,198
88,265,214,364,213
89,254,219,226,261
90,224,255,295,362
91,232,303,207,255
92,205,252,224,221
93,218,282,195,328
94,241,215,274,252
95,226,281,266,220
96,240,209,198,200
97,322,208,308,220
98,364,210,240,296
99,245,278,208,240
100,244,285,190,243
40,flows
1,371,384,399,387
2,388,338,330,393
3,416,318,361,338
4,401,359,416,294
5,368,413,298,360
6,377,399,387,425
7,392,403,397,322
8,435,373,356,475
9,415,365,315,333
10,368,329,356,293
11,319,333,314,313
12,395,339,352,313
13,353,411,380,385
14,317,321,294,384
15,411,364,385,340
16,350,346,445,406
17,445,319,373,294
18,363,398,380,425
19,365,327,337,404
20,428,346,414,516
21,336,370,390,325
22,302,370,358,363
23,388,378,352,362
24,309,391,518,329
25,340,427,350,416
26,342,394,352,378
27,371,277,373,349
28,351,368,339,395
29,321,306,321,356
30,416,354,325,372
31,340,400,376,425
32,333,349,390,378
33,344,297,344,368
34,385,350,448,300
35,349,316,327,487
36,341,479,343,375
37,379,425,433,332
38,347,393,367,368
39,305,348,386,350
40,294,375,442,470
41,411,372,381,353
42,445,346,313,428
43,352,403,381,371
44,350,376,392,350
45,306,390,394,377
46,337,392,388,393
47,366,283,367,328
48,330,410,425,381
49,339,354,375,332
50,327,507,317,378
51,350,416,457,387
52,401,373,356,360
53,316,357,391,411
54,332,357,487,392
55,355,257,313,355
56,380,329,349,379
57,331,380,248,326
58,277,350,391,301
59,388,341,301,386
60,372,353,368,324
61,348,352,365,318
62,407,326,307,344
63,402,324,429,338
64,367,367,353,389
65,372,427,591,327
66,363,342,373,443
67,566,423,410,374
68,300,375,307,395
69,330,347,316,301
70,304,360,381,489
71,434,429,329,386
72,338,329,363,341
73,392,373,292,341
74,386,306,316,333
75,330,351,319,339
76,352,356,348,370
77,370,334,440,402
78,302,335,394,295
79,358,329,417,426
80,367,436,381,351
81,377,353,440,389
82,355,299,399,339
83,336,324,324,365
84,378,419,493,368
85,368,362,345,332
86,350,373,401,284
87,334,427,385,292
88,315,367,323,358
89,367,402,425,308
90,396,322,334,321
91,284,390,320,410
92,328,343,339,321
93,401,431,502,400
94,332,360,400,366
95,320,336,433,422
96,340,430,331,349
97,336,313,359,425
98,389,326,399,384
99,473,382,350,373
100,324,405,335,386
60,flows
1,445,453,453,430
2,484,458,457,474
3,494,479,444,507
4,501,566,549,415
5,420,500,492,456
6,433,489,481,414
7,453,453,478,443
8,474,544,545,475
9,468,456,466,506
10,446,444,495,492
11,400,427,562,424
12,441,450,558,431
13,412,462,542,471
14,421,445,533,373
15,474,480,498,437
16,466,503,578,446
17,517,448,472,551
18,427,500,547,420
19,481,519,479,510
20,463,510,419,439
21,494,477,469,487
22,511,465,458,509
23,495,430,525,473
24,420,438,430,462
25,438,441,542,538
26,427,478,507,577
27,568,426,435,428
28,428,482,422,416
29,500,463,436,422
30,557,424,504,398
31,526,393,446,487
32,443,374,607,430
33,416,492,559,484
34,426,405,447,417
35,427,553,489,425
36,428,481,475,460
37,567,468,429,478
38,458,392,442,493
39,395,431,576,491
40,421,420,700,397
41,376,529,480,602
42,410,468,515,443
43,606,676,453,420
44,393,492,488,450
45,433,466,469,446
46,450,430,485,487
47,478,440,494,476
48,482,495,462,470
49,491,514,493,431
50,474,441,427,418
51,493,580,474,515
52,462,499,446,428
53,430,638,497,520
54,515,413,438,456
55,415,545,507,503
56,425,522,470,477
57,401,456,482,460
58,421,555,450,451
59,462,478,442,447
60,493,534,494,491
61,448,461,534,508
62,420,564,471,556
63,378,424,445,480
64,594,553,439,489
65,514,436,584,463
66,431,554,464,401
67,454,441,600,512
68,494,432,536,479
69,485,467,458,448
70,452,453,439,442
71,427,502,443,481
72,400,416,522,481
73,521,555,559,430
74,400,481,547,498
75,457,533,480,379
76,464,668,448,402
77,429,422,492,459
78,428,486,491,468
79,471,535,641,509
80,458,410,483,426
81,475,591,477,493
82,462,407,480,486
83,512,584,654,471
84,479,495,502,423
85,506,455,477,382
86,446,578,463,494
87,604,439,474,427
88,440,486,540,427
89,460,537,493,406
90,440,423,466,569
91,427,500,527,486
92,549,474,473,484
93,460,457,431,521
94,522,566,539,494
95,510,468,559,462
96,480,444,471,492
97,442,526,495,433
98,471,469,430,503
99,448,517,462,388
100,426,480,504,418
80,flows
1,563,489,640,517
2,559,583,614,524
3,517,680,532,569
4,518,607,594,648
5,592,546,627,576
6,560,603,556,586
7,479,675,536,525
8,591,516,546,560
9,521,568,527,510
10,531,790,514,589
11,541,675,625,534
12,624,658,548,620
13,514,698,595,597
14,667,605,602,461
15,531,554,679,666
16,561,531,639,537
17,614,576,607,486
18,554,504,589,519
19,729,551,555,541
20,535,606,555,594
21,536,523,596,544
22,582,553,532,574
23,543,565,721,508
24,594,567,537,585
25,647,558,777,519
26,492,641,588,522
27,584,534,709,540
28,539,717,575,544
29,691,600,594,600
30,558,533,512,629
31,568,504,638,591
32,625,711,537,506
33,551,579,585,540
34,533,591,686,592
35,537,674,554,617
36,530,572,579,517
37,523,573,609,542
38,531,612,681,563
39,540,699,588,564
40,599,572,541,500
41,580,595,534,515
42,570,556,582,507
43,567,671,556,491
44,508,600,554,488
45,615,526,518,524
46,520,643,631,583
47,614,661,655,538
48,525,612,548,627
49,575,529,560,605
50,659,577,608,571
51,601,597,554,526
52,561,585,568,559
53,457,568,651,610
54,538,647,736,499
55,529,599,556,514
56,630,600,599,585
57,546,504,618,547
58,542,650,660,537
59,465,517,657,573
60,684,541,504,555
61,508,649,564,583
62,612,544,558,524
63,651,594,644,565
64,562,510,657,634
65,521,501,591,475
66,536,588,608,682
67,565,618,549,636
68,555,539,606,647
69,571,610,509,612
70,613,694,518,537
71,496,668,603,734
72,559,546,738,639
73,568,490,652,608
74,562,515,512,640
75,561,557,665,603
76,713,548,559,490
77,561,627,599,533
78,531,673,580,559
79,491,591,610,563
80,560,599,565,585
81,611,526,546,497
82,604,581,578,616
83,512,494,517,490
84,633,647,596,512
85,510,510,634,534
86,477,552,543,587
87,546,547,583,570
88,708,552,566,547
89,556,571,726,553
90,618,587,576,608
91,665,681,679,583
92,575,623,602,690
93,579,535,559,604
94,600,610,499,504
95,543,594,632,482
96,509,574,586,581
97,571,552,577,502
98,495,796,562,578
99,516,556,642,520
100,644,540,553,588
100,flows
1,678,688,740,766
2,576,779,705,653
3,618,846,677,622
4,665,704,730,682
5,599,636,687,758
6,612,683,733,676
7,667,698,754,611
8,667,722,776,784
9,577,581,687,755
10,612,626,646,647
11,764,763,674,672
12,755,614,664,656
13,616,754,671,619
14,855,767,669,645
15,725,714,701,785
16,687,788,593,772
17,621,627,642,631
18,562,727,718,718
19,747,752,622,673
20,568,724,850,616
21,695,794,823,631
22,639,661,709,615
23,658,659,805,581
24,715,632,746,650
25,763,728,705,651
26,664,630,692,628
27,555,790,762,780
28,571,670,717,601
29,786,625,727,618
30,632,696,736,557
31,698,640,805,680
32,690,739,770,695
33,701,750,651,606
34,665,675,827,677
35,609,618,680,653
36,611,760,729,688
37,756,639,690,719
38,693,599,638,662
39,666,695,708,606
40,642,653,664,633
41,595,623,702,707
42,664,670,770,652
43,629,644,712,585
44,635,738,813,649
45,698,710,677,591
46,694,673,716,699
47,692,700,663,684
48,721,681,646,703
49,608,625,844,564
50,580,635,648,718
51,587,666,834,616
52,626,794,708,650
53,652,652,698,672
54,640,786,766,615
55,623,816,593,651
56,648,607,715,587
57,663,688,658,678
58,650,755,718,571
59,781,638,633,652
60,666,641,676,644
61,648,788,752,614
62,693,713,733,602
63,847,683,693,654
64,573,715,814,661
65,616,732,667,708
66,642,676,672,601
67,878,786,633,618
68,658,663,764,717
69,676,738,746,591
70,616,720,663,595
71,619,769,728,725
72,667,624,641,757
73,688,716,730,588
74,680,700,671,587
75,584,669,763,597
76,597,685,707,627
77,663,682,748,770
78,627,694,647,756
79,655,771,636,601
80,658,592,792,596
81,610,756,722,758
82,716,667,716,621
83,586,683,751,644
84,649,809,646,664
85,593,652,834,673
86,729,614,712,740
87,712,749,635,708
88,645,686,706,630
89,662,693,656,706
90,699,563,684,598
91,675,678,692,576
92,571,659,775,654
93,664,671,659,668
94,694,691,564,643
95,682,608,687,752
96,669,752,831,686
97,619,698,653,612
98,671,681,803,641
99,681,667,709,624
100,746,785,682,753
Flow_Forward
20,flows
1,221,248,278,193
2,229,209,198,197
3,165,340,302,230
4,368,234,236,186
5,213,229,210,203
6,211,249,191,290
7,240,195,197,218
8,195,390,228,225
9,213,201,247,289
10,201,268,199,256
11,208,247,199,203
12,186,194,216,193
13,230,209,287,191
14,212,194,282,224
15,298,209,215,220
16,227,269,267,192
17,268,299,248,238
18,193,222,249,200
19,202,246,272,231
20,223,188,221,253
21,220,191,278,234
22,191,294,222,216
23,202,244,291,270
24,189,256,259,228
25,179,235,209,360
26,240,254,190,238
27,231,243,299,214
28,280,159,420,264
29,193,188,190,188
30,214,216,198,218
31,248,270,181,175
32,212,213,243,231
33,236,244,220,301
34,263,228,211,227
35,272,222,189,295
36,231,310,218,213
37,188,229,285,203
38,217,272,192,217
39,209,235,212,179
40,275,191,281,360
41,193,267,162,229
42,268,206,191,283
43,212,266,313,229
44,206,235,249,268
45,234,195,268,243
46,279,271,210,270
47,264,230,273,273
48,199,258,225,238
49,248,203,233,214
50,195,204,185,255
51,187,207,233,231
52,237,208,196,196
53,204,227,201,226
54,198,301,221,220
55,275,218,208,244
56,169,248,225,191
57,193,186,210,242
58,249,229,270,245
59,328,182,249,262
60,208,164,312,222
61,211,206,206,192
62,288,273,204,201
63,221,204,212,220
64,232,252,171,320
65,211,320,259,283
66,198,215,218,244
67,231,215,254,208
68,226,198,210,188
69,190,249,216,262
70,234,186,245,195
71,174,210,225,266
72,209,181,243,268
73,212,310,281,204
74,246,244,265,212
75,159,223,194,227
76,217,261,249,246
77,213,187,201,254
78,248,233,183,196
79,197,236,240,211
80,231,236,231,250
81,247,241,285,290
82,243,324,271,239
83,193,202,198,243
84,236,203,180,241
85,230,215,287,242
86,230,237,227,272
87,238,239,204,237
88,205,173,284,209
89,248,260,204,225
90,217,173,234,283
91,198,250,301,264
92,238,222,254,246
93,250,239,278,255
94,197,208,208,213
95,170,176,244,210
96,269,222,210,192
97,187,211,225,244
98,220,253,214,249
99,225,174,217,257
100,251,260,247,239
40,flows
1,358,295,490,384
2,370,328,391,367
3,349,279,370,310
4,330,379,302,416
5,384,421,351,339
6,277,355,365,334
7,324,341,359,279
8,313,348,421,343
9,317,311,397,406
10,339,276,279,382
11,370,370,345,333
12,321,378,378,341
13,431,350,351,383
14,337,288,400,369
15,316,358,337,361
16,300,454,333,404
17,376,367,390,345
18,390,362,294,402
19,337,345,323,413
20,473,322,381,348
21,339,417,311,291
22,346,256,339,339
23,393,466,350,332
24,369,329,347,275
25,332,351,337,401
26,280,319,286,346
27,324,395,321,318
28,373,296,296,324
29,274,316,390,463
30,314,437,313,386
31,392,277,381,379
32,341,265,336,316
33,340,316,421,346
34,347,308,331,308
35,344,388,365,404
36,297,345,298,317
37,322,312,406,388
38,326,425,375,385
39,337,325,306,365
40,310,352,357,381
41,405,304,391,299
42,358,355,317,358
43,348,381,311,299
44,307,358,323,331
45,302,333,372,301
46,372,378,322,301
47,318,359,323,363
48,393,339,441,316
49,408,259,332,391
50,296,379,348,329
51,363,310,301,303
52,287,307,352,389
53,281,353,384,301
54,341,279,302,350
55,311,405,301,333
56,324,286,333,316
57,327,322,394,293
58,323,362,401,325
59,399,353,389,301
60,322,370,339,346
61,353,378,327,393
62,297,382,319,311
63,367,312,381,343
64,419,308,383,338
65,368,359,329,321
66,323,318,397,324
67,291,335,324,455
68,338,374,371,293
69,330,400,297,420
70,369,259,287,346
71,401,310,410,324
72,360,342,309,445
73,316,383,319,319
74,293,260,311,284
75,404,513,292,317
76,399,305,297,302
77,342,332,401,358
78,349,314,394,316
79,335,442,355,416
80,335,501,331,329
81,260,266,308,413
82,326,327,335,369
83,335,402,347,299
84,350,356,320,282
85,264,404,345,340
86,318,304,337,327
87,330,358,349,314
88,346,309,342,298
89,289,341,354,354
90,271,339,320,314
91,339,326,319,342
92,335,278,355,379
93,280,343,323,376
94,467,393,396,409
95,358,341,322,300
96,307,313,377,316
97,500,373,336,303
98,304,477,309,355
99,302,307,364,323
100,347,357,360,327
60,flows
1,419,408,468,429
2,525,432,436,491
3,526,529,445,445
4,432,426,580,463
5,440,494,496,434
6,464,417,373,444
7,554,497,437,407
8,509,371,509,423
9,500,434,477,413
10,401,484,505,420
11,412,409,459,414
12,479,414,451,495
13,516,449,438,388
14,486,479,462,567
15,426,438,526,447
16,410,492,471,501
17,393,445,432,470
18,420,478,403,482
19,496,565,494,505
20,414,501,487,487
21,401,456,431,405
22,468,477,451,403
23,502,474,527,466
24,484,399,393,451
25,412,493,451,384
26,550,435,453,396
27,552,471,562,527
28,467,469,431,435
29,364,477,452,415
30,450,427,387,448
31,449,412,477,410
32,433,427,529,411
33,583,429,452,474
34,431,513,506,474
35,436,499,436,410
36,473,518,459,519
37,433,499,404,420
38,343,442,460,472
39,421,509,426,462
40,527,477,385,421
41,448,431,495,480
42,497,420,540,549
43,457,425,478,442
44,415,463,473,443
45,421,457,445,426
46,482,447,497,469
47,469,409,437,427
48,456,525,384,533
49,431,426,423,433
50,522,458,412,430
51,459,453,419,419
52,487,431,439,475
53,427,411,443,575
54,461,530,444,443
55,430,496,574,447
56,405,452,542,454
57,519,509,545,396
58,437,528,545,409
59,435,499,423,444
60,415,525,485,379
61,471,420,449,381
62,576,531,432,403
63,407,513,509,487
64,480,487,408,430
65,493,491,442,411
66,536,463,535,419
67,499,460,500,474
68,504,421,459,423
69,581,510,588,446
70,556,618,473,451
71,496,566,560,447
72,401,404,401,391
73,501,465,504,532
74,481,490,552,483
75,451,474,475,450
76,450,462,448,399
77,421,437,435,480
78,501,466,501,462
79,389,423,498,494
80,407,484,553,493
81,485,460,536,453
82,395,464,549,374
83,382,469,420,501
84,497,571,583,474
85,436,443,561,472
86,406,484,469,493
87,420,387,542,399
88,453,575,491,508
89,393,435,481,571
90,410,482,431,460
91,432,510,479,426
92,436,450,416,450
93,448,489,514,427
94,386,403,419,513
95,472,373,481,367
96,459,546,415,390
97,354,582,456,452
98,446,500,415,424
99,415,486,503,469
100,424,522,413,434
80,flows
1,583,551,521,517
2,488,527,552,503
3,549,501,758,540
4,587,548,560,521
5,595,582,609,450
6,525,550,558,520
7,565,643,535,517
8,651,549,548,454
9,494,652,500,640
10,583,549,522,466
11,525,519,563,478
12,516,503,530,618
13,511,566,595,627
14,493,511,649,520
15,715,637,605,600
16,642,677,660,481
17,597,528,545,489
18,549,562,518,630
19,571,529,602,566
20,539,589,695,631
21,540,579,565,553
22,594,608,567,583
23,526,603,558,549
24,597,601,545,597
25,584,754,619,528
26,571,582,484,625
27,576,535,632,508
28,612,564,509,585
29,506,573,580,603
30,569,629,664,457
31,523,608,632,533
32,542,509,668,535
33,494,576,633,512
34,535,619,552,556
35,559,594,558,567
36,527,513,660,596
37,547,600,562,514
38,536,605,582,579
39,521,566,593,583
40,541,559,556,554
41,493,527,674,578
42,552,577,507,533
43,612,552,582,555
44,501,545,683,496
45,570,506,487,590
46,521,575,568,568
47,547,510,582,514
48,514,635,617,743
49,549,591,508,584
50,649,555,629,544
51,496,641,565,591
52,470,551,591,573
53,747,630,489,533
54,555,541,588,547
55,518,579,518,518
56,484,523,594,584
57,561,567,565,575
58,611,574,513,557
59,470,680,656,574
60,536,571,588,620
61,681,615,588,597
62,572,541,725,565
63,666,616,566,598
64,579,617,544,561
65,620,557,559,610
66,500,602,568,494
67,517,660,612,494
68,534,496,533,573
69,472,616,606,494
70,539,684,543,473
71,552,639,707,577
72,573,541,665,517
73,539,521,568,462
74,565,518,640,537
75,582,555,564,571
76,523,587,592,514
77,602,587,606,584
78,541,600,585,528
79,567,589,628,508
80,644,763,683,601
81,523,551,530,491
82,508,540,552,598
83,547,532,646,553
84,501,541,544,602
85,578,565,712,599
86,553,541,668,447
87,598,553,629,631
88,615,634,546,499
89,526,612,567,494
90,511,574,626,514
91,540,617,549,506
92,603,646,616,504
93,503,583,656,521
94,567,623,527,543
95,536,635,698,503
96,518,616,562,497
97,491,504,580,491
98,598,506,512,559
99,554,557,636,547
100,612,546,531,558
100,flows
1,612,640,648,700
2,635,649,628,660
3,618,658,731,659
4,633,787,634,663
5,665,694,618,677
6,594,621,631,622
7,716,674,621,644
8,650,706,668,572
9,637,771,662,804
10,636,705,557,701
11,563,677,630,640
12,721,603,684,581
13,641,730,625,653
14,623,700,729,648
15,676,653,693,665
16,574,675,653,684
17,682,663,747,663
18,636,630,752,696
19,653,646,668,734
20,696,711,843,856
21,760,755,706,610
22,654,732,626,547
23,579,848,636,734
24,621,673,627,847
25,699,697,710,557
26,530,781,697,597
27,684,817,646,700
28,641,736,722,616
29,661,760,641,593
30,630,678,697,633
31,717,665,626,561
32,599,700,670,532
33,639,740,632,675
34,700,674,822,593
35,702,605,601,585
36,703,639,666,746
37,656,616,671,761
38,570,719,664,628
39,670,712,638,712
40,710,725,667,585
41,642,572,723,636
42,674,690,715,616
43,636,602,710,614
44,614,704,633,588
45,654,742,634,524
46,628,806,728,712
47,739,755,795,600
48,746,664,688,595
49,713,690,657,649
50,653,707,668,590
51,682,609,644,625
52,641,666,617,729
53,678,716,649,682
54,604,745,653,635
55,589,642,795,604
56,686,695,667,613
57,628,709,741,602
58,628,799,658,566
59,636,631,766,633
60,694,735,701,672
61,670,622,726,567
62,677,793,585,625
63,755,714,721,736
64,599,704,638,753
65,631,588,694,589
66,675,710,658,679
67,565,738,735,746
68,642,622,698,765
69,624,657,765,622
70,678,624,595,686
71,710,703,656,610
72,615,679,586,620
73,607,654,648,733
74,537,667,735,640
75,569,660,646,601
76,612,731,711,653
77,647,724,641,664
78,647,693,745,706
79,737,815,741,635
80,606,776,698,626
81,830,733,671,578
82,639,619,712,626
83,645,723,562,674
84,653,740,706,555
85,603,696,664,623
86,607,787,652,594
87,647,753,691,604
88,560,619,665,589
89,637,675,753,590
90,654,736,734,644
91,661,659,718,612
92,652,634,674,582
93,653,653,754,592
94,618,641,628,586
95,617,661,643,636
96,644,653,696,658
97,631,606,657,627
98,676,755,636,679
99,629,638,596,567
100,630,654,701,527
Flow_Backward
20,flows
1,199,253,236,188
2,223,268,231,207
3,226,331,327,209
4,205,255,256,223
5,266,270,262,229
6,219,223,239,249
7,207,218,296,278
8,233,317,248,248
9,277,228,295,219
10,254,242,243,231
11,207,196,293,251
12,206,286,235,240
13,251,173,238,216
14,380,286,235,231
15,198,221,198,223
16,347,274,280,240
17,213,215,326,294
18,185,203,244,225
19,236,274,232,236
20,189,272,236,207
21,225,233,312,209
22,225,211,229,241
23,277,219,235,218
24,225,292,266,218
25,249,270,237,219
26,230,257,217,273
27,241,203,228,301
28,191,248,285,206
29,206,228,254,244
30,261,235,311,195
31,278,240,312,218
32,256,318,239,295
33,210,212,219,269
34,250,313,217,252
35,234,264,257,242
36,284,282,199,271
37,267,248,229,215
38,244,294,305,250
39,322,204,195,320
40,284,221,224,257
41,215,213,236,264
42,268,246,311,271
43,220,269,313,225
44,247,196,213,328
45,321,262,231,301
46,224,196,330,285
47,217,270,214,274
48,250,195,323,223
49,183,204,187,238
50,172,285,214,193
51,260,216,269,247
52,238,239,234,331
53,293,274,201,202
54,232,210,204,209
55,239,260,248,304
56,281,200,262,376
57,201,286,244,228
58,211,290,235,249
59,227,236,318,284
60,289,234,237,286
61,222,230,218,256
62,322,270,212,226
63,263,264,203,223
64,241,191,264,268
65,155,219,235,283
66,284,285,231,272
67,234,246,224,273
68,262,247,243,226
69,211,263,222,246
70,240,269,212,300
71,234,309,186,294
72,218,219,264,200
73,258,232,281,299
74,181,294,250,224
75,239,391,201,236
76,206,223,240,274
77,332,223,208,249
78,220,257,278,261
79,219,318,250,205
80,200,263,194,181
81,211,249,283,201
82,213,262,203,256
83,242,244,260,286
84,321,243,281,248
85,219,235,210,264
86,195,246,196,214
87,225,242,222,202
88,267,219,268,227
89,208,238,232,226
90,255,267,205,276
91,231,212,288,226
92,173,203,265,254
93,205,189,257,262
94,239,272,239,337
95,277,205,308,204
96,220,265,287,313
97,260,201,227,203
98,253,224,242,236
99,210,207,228,236
100,226,214,398,199
40,flows
1,407,311,329,358
2,341,472,360,368
3,330,372,357,363
4,365,331,346,333
5,381,381,429,489
6,335,358,370,313
7,301,336,315,339
8,400,341,405,340
9,333,328,426,306
10,334,437,352,312
11,321,403,403,362
12,318,511,380,338
13,355,377,335,406
14,429,346,374,485
15,369,402,407,362
16,360,316,361,333
17,468,367,373,425
18,303,481,324,341
19,412,309,342,447
20,352,318,343,354
21,307,290,310,266
22,337,361,359,411
23,392,457,378,432
24,355,357,351,414
25,363,384,328,359
26,417,338,402,324
27,373,326,393,457
28,350,340,359,370
29,401,315,406,414
30,297,347,378,360
31,362,363,322,394
32,406,488,339,407
33,409,373,347,385
34,320,332,322,333
35,367,387,427,334
36,327,339,471,400
37,377,340,373,329
38,354,326,350,288
39,423,386,352,343
40,310,358,368,298
41,331,372,389,310
42,304,398,409,358
43,387,479,452,390
44,361,350,359,282
45,403,339,357,353
46,322,371,406,368
47,414,329,362,359
48,384,306,404,395
49,361,300,434,282
50,364,360,417,344
51,321,456,306,355
52,388,336,478,307
53,358,321,307,341
54,450,331,423,406
55,408,324,325,337
56,406,329,431,361
57,372,317,435,323
58,371,479,319,400
59,405,418,407,312
60,332,410,328,390
61,443,405,346,366
62,326,508,402,372
63,409,339,461,415
64,399,360,316,302
65,347,384,372,383
66,496,293,320,398
67,378,316,349,362
68,475,351,376,314
69,402,447,420,370
70,326,339,399,274
71,443,400,330,363
72,362,422,375,381
73,407,407,320,390
74,440,356,387,379
75,303,353,346,427
76,312,342,367,458
77,340,314,429,403
78,311,317,329,363
79,345,318,390,340
80,297,372,403,348
81,336,328,304,330
82,401,519,283,366
83,346,411,431,308
84,350,370,441,331
85,355,419,302,343
86,335,350,371,362
87,306,373,353,424
88,400,344,417,347
89,292,396,381,351
90,381,328,371,348
91,302,398,388,333
92,342,358,386,377
93,371,436,310,325
94,361,316,336,310
95,424,354,445,325
96,400,369,303,377
97,304,420,320,376
98,367,343,383,336
99,327,423,363,315
100,396,416,398,319
60,flows
1,437,429,457,425
2,474,450,460,447
3,494,444,424,421
4,398,487,535,416
5,378,511,496,490
6,472,491,405,443
7,528,420,416,511
8,442,420,556,413
9,477,431,498,481
10,526,425,489,473
11,388,465,526,470
12,460,439,509,388
13,480,437,434,458
14,428,448,426,420
15,376,479,417,456
16,475,536,509,445
17,426,449,425,447
18,485,485,402,433
19,471,482,457,425
20,408,425,609,502
21,436,506,479,414
22,384,481,472,508
23,455,420,495,404
24,465,513,421,454
25,598,482,436,442
26,549,455,490,595
27,457,431,474,451
28,483,475,438,467
29,477,545,437,424
30,475,473,521,442
31,444,491,487,430
32,450,464,467,508
33,450,429,564,339
34,439,506,547,472
35,523,482,495,415
36,525,477,505,428
37,515,415,482,535
38,479,418,522,444
39,414,447,489,520
40,509,531,445,455
41,477,518,530,402
42,429,549,417,438
43,385,440,470,575
44,448,560,460,444
45,501,453,426,436
46,458,486,413,479
47,518,423,512,430
48,558,464,491,519
49,474,473,517,481
50,406,491,638,502
51,422,426,411,439
52,466,605,440,436
53,479,524,478,465
54,478,502,412,501
55,400,446,449,478
56,462,490,473,415
57,457,463,558,493
58,475,471,520,478
59,457,419,479,391
60,541,477,495,591
61,413,449,412,455
62,416,542,438,406
63,422,484,525,442
64,561,524,522,518
65,390,651,443,487
66,547,503,517,483
67,478,537,509,638
68,457,572,540,419
69,468,485,541,370
70,391,471,530,530
71,453,440,488,445
72,439,467,524,350
73,459,522,529,429
74,424,492,523,444
75,449,547,587,445
76,456,434,458,472
77,543,500,617,534
78,542,489,476,416
79,472,443,474,515
80,460,482,515,381
81,467,623,420,458
82,485,453,475,559
83,415,492,541,416
84,483,458,404,472
85,526,589,469,446
86,415,499,443,438
87,467,412,558,455
88,486,430,428,488
89,467,455,491,486
90,449,415,478,551
91,417,518,646,438
92,463,549,540,505
93,500,539,677,453
94,443,495,443,416
95,430,463,496,446
96,472,533,503,414
97,488,447,483,479
98,398,510,474,485
99,486,497,484,419
100,443,489,494,478
80,flows
1,624,553,678,565
2,500,534,621,503
3,603,646,646,572
4,557,634,586,489
5,606,696,544,530
6,493,578,570,581
7,577,529,524,531
8,599,513,500,542
9,553,696,552,586
10,498,694,516,555
11,541,646,573,635
12,550,636,605,586
13,697,536,698,646
14,514,535,588,559
15,788,552,580,537
16,584,518,554,576
17,601,610,549,626
18,618,677,700,571
19,598,582,617,558
20,676,618,511,630
21,560,684,642,637
22,510,586,623,560
23,551,636,619,492
24,598,626,504,482
25,501,675,540,581
26,636,695,537,554
27,552,537,595,559
28,463,546,658,672
29,518,627,559,523
30,534,781,634,568
31,690,646,627,576
32,623,574,559,570
33,534,577,566,623
34,536,608,630,693
35,617,492,595,496
36,521,518,833,539
37,555,622,559,629
38,633,656,683,566
39,594,611,571,573
40,645,588,500,579
41,685,527,565,608
42,647,580,475,494
43,502,531,665,607
44,645,543,600,507
45,627,601,569,543
46,617,651,621,573
47,597,533,611,569
48,540,618,608,693
49,628,568,508,560
50,637,612,667,597
51,640,568,534,567
52,572,683,561,541
53,592,735,639,553
54,488,657,541,595
55,595,544,604,592
56,537,509,735,471
57,637,519,544,610
58,645,682,543,572
59,601,646,542,463
60,560,535,692,536
61,595,536,617,491
62,600,574,550,463
63,559,654,695,519
64,577,535,538,578
65,577,724,661,583
66,486,560,631,508
67,569,516,540,504
68,590,575,568,567
69,483,589,559,635
70,514,548,711,513
71,554,614,614,527
72,554,665,695,526
73,587,607,566,498
74,553,674,594,567
75,550,601,636,584
76,587,598,550,583
77,631,576,566,511
78,577,591,512,583
79,548,636,679,607
80,568,584,633,538
81,540,561,587,547
82,620,516,511,600
83,505,682,536,661
84,728,570,563,517
85,541,645,683,596
86,597,579,633,532
87,557,546,591,607
88,490,627,581,602
89,570,579,595,521
90,476,542,602,478
91,624,659,602,618
92,482,670,622,598
93,605,540,683,550
94,589,567,579,511
95,642,560,562,525
96,604,612,602,589
97,542,592,617,548
98,503,548,558,515
99,556,590,578,530
100,601,529,580,482
100,flows
1,695,890,735,745
2,627,738,685,653
3,652,754,767,656
4,619,694,654,590
5,619,778,874,654
6,676,749,772,694
7,713,671,698,693
8,623,689,754,628
9,635,649,632,671
10,619,695,681,635
11,695,726,666,678
12,596,662,756,666
13,721,799,645,677
14,612,695,786,602
15,695,674,684,634
16,616,721,782,649
17,587,702,688,670
18,649,682,677,705
19,701,766,746,712
20,647,614,679,621
21,717,614,692,692
22,721,683,747,675
23,615,684,660,627
24,813,717,808,698
25,606,721,718,587
26,625,680,718,658
27,600,736,707,672
28,644,689,679,652
29,726,676,680,600
30,610,759,741,664
31,735,693,703,676
32,638,641,700,601
33,616,813,665,627
34,727,675,724,661
35,598,664,623,629
36,595,774,724,690
37,645,691,570,681
38,608,625,791,730
39,670,759,730,631
40,782,688,722,592
41,702,789,692,703
42,729,636,696,642
43,717,847,750,609
44,637,700,667,713
45,688,667,700,591
46,635,676,760,625
47,748,747,726,613
48,726,662,733,697
49,637,723,684,590
50,615,677,775,616
51,720,642,684,659
52,715,727,772,682
53,770,722,612,719
54,586,768,703,604
55,629,745,758,662
56,662,622,811,573
57,675,734,681,627
58,677,774,792,648
59,608,708,674,630
60,639,721,675,695
61,595,704,734,663
62,667,655,635,705
63,700,636,697,772
64,610,741,607,655
65,668,700,848,595
66,588,797,710,688
67,715,635,756,604
68,645,720,744,594
69,705,737,881,624
70,785,723,706,687
71,638,610,755,640
72,624,708,718,606
73,691,747,742,654
74,625,864,758,593
75,679,781,612,688
76,680,697,725,683
77,547,768,637,703
78,648,666,815,696
79,632,650,704,591
80,790,673,635,763
81,602,710,763,595
82,670,642,726,598
83,773,681,688,646
84,619,692,684,668
85,709,782,654,719
86,714,685,714,699
87,616,655,629,711
88,670,727,761,674
89,599,616,774,635
90,667,716,741,663
91,636,631,726,716
92,819,692,750,710
93,656,708,742,658
94,649,887,760,681
95,678,739,674,697
96,949,749,697,646
97,690,697,734,628
98,601,788,760,549
99,662,747,698,618
100,612,671,756,780
