¦¸¼Æ,flows
NCB
100,flows
1,0.01590549999673385
2,0.022918900001968723
3,0.016667199997755233
4,0.017058199999155477
5,0.014928800002962817
6,0.014884399999573361
7,0.01453860000037821
8,0.015171400002145674
9,0.015545900001598056
10,0.016709100003936328
11,0.015224900002067443
12,0.018050499995297287
13,0.016942900001595262
14,0.015474300002097152
15,0.014948899995943066
16,0.016668900003423914
17,0.014552900000126101
18,0.014259200004744343
19,0.01576000000204658
20,0.015246999995724764
21,0.01573379999899771
22,0.015669399996113498
23,0.019388699998671655
24,0.015225499999360181
25,0.01777800000127172
26,0.015269600000465289
27,0.01636529999814229
28,0.01648659999773372
29,0.025052400000276975
30,0.015152799998759292
31,0.019976300005509984
32,0.015454000000318047
33,0.015394499998365063
34,0.015406099999381695
35,0.015498399996431544
36,0.015800900000613183
37,0.01753830000234302
38,0.016525899998669047
39,0.015352700000221375
40,0.015275500001735054
41,0.014743400002771523
42,0.01557689999754075
43,0.02005519999511307
44,0.014764599996851757
45,0.01580130000365898
46,0.01546529999905033
47,0.015372900001239032
48,0.015761300004669465
49,0.015492999998969026
50,0.014606199998524971
51,0.014265899997553788
52,0.014676700004201848
53,0.018633799998497125
54,0.01541449999785982
55,0.015429799997946247
56,0.014478300006885547
57,0.014564299999619834
58,0.015277099999366328
59,0.014648600001237355
60,0.014809399996011052
61,0.0156252000015229
62,0.015145400000619702
63,0.016362199996365234
64,0.014419099999940954
65,0.014668299998447765
66,0.014491200003249105
67,0.016259999996691477
68,0.01561750000109896
69,0.014920299996447284
70,0.01703789999737637
71,0.015367899999546353
72,0.013953699999547098
73,0.01646729999629315
74,0.01794099999824539
75,0.014631500001996756
76,0.014905299998645205
77,0.014639400003943592
78,0.014582600000721868
79,0.015454600004886743
80,0.015536099999735598
81,0.013982700002088677
82,0.014898499997798353
83,0.016028499994718004
84,0.0156490000008489
85,0.01620330000150716
86,0.016905700002098456
87,0.01691229999414645
88,0.014829800005827565
89,0.015195600004517473
90,0.014966299997468013
91,0.013966600003186613
92,0.015392399996926542
93,0.014108600000326987
94,0.015287499998521525
95,0.014960600004997104
96,0.014440799997828435
97,0.01630190000287257
98,0.014515800001390744
99,0.016596299996308517
100,0.01530559999810066
140,flows
1,0.023499199996876996
2,0.023099500001990236
3,0.024491300006047823
4,0.02445070000248961
5,0.023827800003346056
6,0.02364040000247769
7,0.024446900002658367
8,0.023789500002749264
9,0.02507299999706447
10,0.02526419999776408
11,0.025857599997834768
12,0.023771899999701418
13,0.025647300004493445
14,0.022625999998126645
15,0.02340919999551261
16,0.023375999997369945
17,0.022258799996052403
18,0.02215089999663178
19,0.02255940000031842
20,0.027540299997781403
21,0.02354650000052061
22,0.02375400000164518
23,0.025710100002470426
24,0.023278400003619026
25,0.023759900002914947
26,0.0232218000019202
27,0.024074599998129997
28,0.023683200000959914
29,0.024080600000161212
30,0.02313760000106413
31,0.031503199999860954
32,0.024631000000226777
33,0.025742899997567292
34,0.022292499998002313
35,0.024188199997297488
36,0.02390929999819491
37,0.024677399997017346
38,0.02401589999499265
39,0.023781899995810818
40,0.025102999999944586
41,0.022918900001968723
42,0.023915700003271922
43,0.024294999995618127
44,0.02392369999870425
45,0.025130299996817484
46,0.02092409999750089
47,0.02279360000102315
48,0.023254200001247227
49,0.023508799997216556
50,0.022049799998058006
51,0.022080700000515208
52,0.023692800001299474
53,0.026765200003865175
54,0.026726399999461137
55,0.024085299999569543
56,0.02465449999726843
57,0.022132099998998456
58,0.022509100002935156
59,0.023785400000633672
60,0.022277000003668945
61,0.02413140000135172
62,0.022943299998587463
63,0.023136199997679796
64,0.02404959999694256
65,0.02384140000503976
66,0.023349899995082524
67,0.02566300000034971
68,0.024806599998555612
69,0.024800699997285847
70,0.026906099999905564
71,0.023462400000425987
72,0.02299510000011651
73,0.025633199998992495
74,0.024701200003619306
75,0.02403259999846341
76,0.02328579999448266
77,0.021966700005577877
78,0.025060300002223812
79,0.022553399998287205
80,0.02302189999318216
81,0.025516800000332296
82,0.02380470000207424
83,0.022898200004419778
84,0.027508400002261624
85,0.022627600003033876
86,0.025314799997431692
87,0.026968800004397053
88,0.025951700001314748
89,0.023981199999980163
90,0.024549800000386313
91,0.02297980000003008
92,0.022611899999901652
93,0.022674699997878633
94,0.023912900003779214
95,0.022709900003974326
96,0.025780399999348447
97,0.023134499999287073
98,0.02208470000186935
99,0.022789300004660618
100,0.023133300004701596
180,flows
1,0.03201789999729954
2,0.03221759999723872
3,0.03316300000005867
4,0.03549840000050608
5,0.03201239999907557
6,0.03294099999766331
7,0.033325099997455254
8,0.03507309999986319
9,0.03310810000402853
10,0.034597799996845424
11,0.03411299999424955
12,0.03111720000015339
13,0.0360212000014144
14,0.033719599996402394
15,0.03321400000277208
16,0.03321159999904921
17,0.03460840000479948
18,0.03094749999581836
19,0.032192300001042895
20,0.0318593999982113
21,0.033619400004681665
22,0.033036400003766175
23,0.03449169999657897
24,0.0320995000001858
25,0.034747199999401346
26,0.03261439999914728
27,0.030843000000459142
28,0.034062899998389184
29,0.0319593000021996
30,0.03231529999902705
31,0.03321429999778047
32,0.03398439999727998
33,0.035008899998501875
34,0.03232389999902807
35,0.034527199997683056
36,0.03437909999775002
37,0.03180680000514258
38,0.03553739999915706
39,0.03205159999924945
40,0.032417100002930965
41,0.033561500000359956
42,0.03249430000141729
43,0.03497709999646759
44,0.033561999996891245
45,0.03472150000015972
46,0.035255499999038875
47,0.032315800002834294
48,0.03196129999560071
49,0.03073700000095414
50,0.030326799998874776
51,0.030691699997987598
52,0.033469400004833005
53,0.0348807000045781
54,0.03254759999981616
55,0.033670999997411855
56,0.03608859999803826
57,0.03396140000404557
58,0.033238099997106474
59,0.03278670000145212
60,0.034873299999162555
61,0.03416619999916293
62,0.03259309999702964
63,0.03305040000122972
64,0.04260449999856064
65,0.03182290000404464
66,0.03641120000247611
67,0.033580900002561975
68,0.03589490000013029
69,0.03381000000081258
70,0.03247759999794653
71,0.034372699999948964
72,0.035434400000667665
73,0.03115830000024289
74,0.0360798000037903
75,0.030670100000861567
76,0.03374960000655847
77,0.03443419999530306
78,0.0313936999955331
79,0.032698199996957555
80,0.03322930000285851
81,0.03250870000192663
82,0.03354300000501098
83,0.03271790000144392
84,0.03536760000133654
85,0.03305949999776203
86,0.04164489999675425
87,0.03447520000190707
88,0.0330035000006319
89,0.032792199999676086
90,0.033631500002229586
91,0.03249099999811733
92,0.03119690000312403
93,0.032417000002169516
94,0.0319999999992433
95,0.0313114999953541
96,0.03244719999929657
97,0.03501680000044871
98,0.03291280000121333
99,0.030564699998649303
100,0.03286880000086967
220,flows
1,0.045446200005244464
2,0.04573220000020228
3,0.04915400000027148
4,0.048189799999818206
5,0.046941499997046776
6,0.04562330000044312
7,0.05621699999755947
8,0.0440738000033889
9,0.052477299999736715
10,0.05750040000566514
11,0.052571799998986535
12,0.053902399995422456
13,0.04492240000399761
14,0.043653100001392886
15,0.0447790000034729
16,0.04345760000433074
17,0.043706600001314655
18,0.0428025000001071
19,0.04391830000531627
20,0.04630330000509275
21,0.04364979999809293
22,0.04014080000342801
23,0.04494359999807784
24,0.04617780000262428
25,0.04421110000112094
26,0.05168499999854248
27,0.046936000006098766
28,0.04421169999841368
29,0.04527330000564689
30,0.04443929999979446
31,0.04200649999984307
32,0.04489420000027167
33,0.04634839999926044
34,0.0403982999996515
35,0.04427959999884479
36,0.042136899995966814
37,0.04352949999884004
38,0.043471200006024446
39,0.04425420000188751
40,0.042501899995841086
41,0.04578079999919282
42,0.04580710000300314
43,0.0417063999993843
44,0.04496649999782676
45,0.04346020000230055
46,0.0562694999971427
47,0.041807400004472584
48,0.040822700000717305
49,0.051560300002165604
50,0.04255429999466287
51,0.044253499996557366
52,0.04232570000021951
53,0.04378469999937806
54,0.04212609999376582
55,0.0580887000032817
56,0.04489050000120187
57,0.043154500002856366
58,0.044019000000844244
59,0.043182199995499104
60,0.04408340000372846
61,0.045261700004630256
62,0.04299509999691509
63,0.044524599994474556
64,0.047651199995016214
65,0.043607300001895055
66,0.04705590000230586
67,0.044735000003129244
68,0.04301280000072438
69,0.05138989999977639
70,0.04455030000099214
71,0.04509189999953378
72,0.05333170000085374
73,0.0425150000010035
74,0.04117650000262074
75,0.04138539999985369
76,0.04344200000195997
77,0.04335709999577375
78,0.04653089999919757
79,0.04100499999913154
80,0.04653339999640593
81,0.04174789999524364
82,0.043495999998413026
83,0.04304330000013579
84,0.04374899999675108
85,0.04405459999543382
86,0.04964289999770699
87,0.054484700005559716
88,0.042768399995111395
89,0.043716400003177114
90,0.04259019999881275
91,0.043001700003515
92,0.04190229999949224
93,0.04810859999997774
94,0.0449328999966383
95,0.04094020000047749
96,0.04166280000208644
97,0.04257789999974193
98,0.04499519999808399
99,0.04028690000268398
100,0.042226199999277014
260,flows
1,0.05551290000585141
2,0.05759270000271499
3,0.059343599998101126
4,0.05682249999517808
5,0.05592600000090897
6,0.06209279999893624
7,0.057468500002869405
8,0.05536430000211112
9,0.062022300000535324
10,0.05591830000048503
11,0.060461699998995755
12,0.06045940000331029
13,0.0573484999986249
14,0.05676439999660943
15,0.058124600000155624
16,0.05607910000253469
17,0.056934200001705904
18,0.05674930000532186
19,0.05407839999679709
20,0.05535530000634026
21,0.05686290000448935
22,0.05628379999689059
23,0.055235000007087365
24,0.05436870000266936
25,0.06311550000100397
26,0.05638870000257157
27,0.05708820000290871
28,0.057884599998942576
29,0.06152299999666866
30,0.05762809999578167
31,0.05684320000000298
32,0.054911400002310984
33,0.0591541000030702
34,0.06395830000110436
35,0.05481999999756226
36,0.05674349999753758
37,0.0685040000025765
38,0.05633099999977276
39,0.05745000000024447
40,0.0768132999946829
41,0.05692970000382047
42,0.0604961999997613
43,0.0639357000036398
44,0.06676339999830816
45,0.05888529999356251
46,0.05235520000132965
47,0.057519699999829754
48,0.0555610000010347
49,0.0565307000069879
50,0.05889770000067074
51,0.05549559999781195
52,0.05302040000242414
53,0.05468459999974584
54,0.06507030000648228
55,0.056976800005941186
56,0.05687290000059875
57,0.05740700000023935
58,0.06712030000198865
59,0.05219109999598004
60,0.054037800000514835
61,0.05605169999762438
62,0.05742900000041118
63,0.05555929999536602
64,0.058465000001888257
65,0.055920399994647596
66,0.057151400003931485
67,0.05796569999802159
68,0.05607050000253366
69,0.07055760000366718
70,0.059005799994338304
71,0.06150569999590516
72,0.06636109999817563
73,0.05728619999717921
74,0.05682410000008531
75,0.06760550000035437
76,0.05797739999979967
77,0.05578560000139987
78,0.0627122000005329
79,0.05858820000139531
80,0.0567735000004177
81,0.0689870999995037
82,0.05738549999659881
83,0.05576149999978952
84,0.06253689999721246
85,0.06947219999710796
86,0.05803900000319118
87,0.05746480000379961
88,0.05777549999766052
89,0.05784589999529999
90,0.05984850000095321
91,0.05441219999920577
92,0.05392450000363169
93,0.05322870000236435
94,0.05508340000233147
95,0.05499470000358997
96,0.0595136000047205
97,0.05682660000456963
98,0.05403159999696072
99,0.05653290000191191
100,0.05531790000532055
PB
100,flows
1,0.0020124000002397224
2,0.003263300000980962
3,0.0022870000029797666
4,0.0026507000002311543
5,0.0022189000010257587
6,0.002766500001598615
7,0.0019068000037805177
8,0.0020162000000709668
9,0.0021355999997467734
10,0.0037188999995123595
11,0.0018412999997963198
12,0.0027717999982996844
13,0.0020249999943189323
14,0.0030560000013792887
15,0.002810700003465172
16,0.0022471999982371926
17,0.0027735000039683655
18,0.0026463999965926632
19,0.0023593000005348586
20,0.0019182000032742508
21,0.0019727000035345554
22,0.0028175000043120235
23,0.0023029000003589317
24,0.0018669999990379438
25,0.0024262999941129237
26,0.002304499997990206
27,0.002028700000664685
28,0.0027362999971956015
29,0.003052599997317884
30,0.00253060000250116
31,0.004807899997103959
32,0.002122699996107258
33,0.002521599999454338
34,0.0024123000039253384
35,0.001902100004372187
36,0.0028821000014431775
37,0.002197800000431016
38,0.001945199997862801
39,0.0020660000009229407
40,0.001949500001501292
41,0.0023163000005297363
42,0.002322000000276603
43,0.002554299993789755
44,0.0023101999977370724
45,0.0024406000011367723
46,0.0024727999989409
47,0.0020617000045604073
48,0.001976699997612741
49,0.0019695000009960495
50,0.0021966000058455393
51,0.0017472000035922974
52,0.001930700003867969
53,0.0025099000049522147
54,0.002166300000681076
55,0.0018789999958244152
56,0.0022433999984059483
57,0.0022918000031495467
58,0.0022771000003558584
59,0.0031310000049415976
60,0.002036400001088623
61,0.0033870000042952597
62,0.0022764000023016706
63,0.0021707999985665083
64,0.0024475000027450733
65,0.003091300000960473
66,0.002129400003468618
67,0.0027375999998184852
68,0.002112699999997858
69,0.002689299995836336
70,0.0019936000026063994
71,0.003227199995308183
72,0.0018913000021711923
73,0.0025709999972605146
74,0.0016790000008768402
75,0.002347499997995328
76,0.002190700004575774
77,0.0024663000003783964
78,0.0020904999983031303
79,0.002038799997535534
80,0.0029941999964648858
81,0.0024304000035044737
82,0.0024615000002086163
83,0.003200500003003981
84,0.0019648000015877187
85,0.003664599993498996
86,0.0029095999998389743
87,0.002695700000913348
88,0.002765700002782978
89,0.0020836999974562787
90,0.0019878999955835752
91,0.00198610000370536
92,0.0033599999951547943
93,0.0021097999997437
94,0.0021415000010165386
95,0.001959600005648099
96,0.0029896999985794537
97,0.0026383000003988855
98,0.0023344999935943633
99,0.002010099997278303
100,0.002403000005870126
140,flows
1,0.002219499998318497
2,0.0032206999967456795
3,0.002836400002706796
4,0.0032632000002195127
5,0.003051300001970958
6,0.0034683999983826652
7,0.0031660999957239255
8,0.002458999995724298
9,0.002929700000095181
10,0.002520800000638701
11,0.004671599999710452
12,0.0025386999986949377
13,0.0025920999978552572
14,0.003631600004155189
15,0.002971800000523217
16,0.003522000006341841
17,0.002376399999775458
18,0.0035461000006762333
19,0.003965399999287911
20,0.0024914999958127737
21,0.0023862999951234087
22,0.0034914000061689876
23,0.0031456999931833707
24,0.0026302000042051077
25,0.002660700003616512
26,0.0032898999997996725
27,0.0028499999971245416
28,0.003564799997548107
29,0.0033963999958359636
30,0.002416099996480625
31,0.0026185999959125184
32,0.0020987999960198067
33,0.003076500004681293
34,0.003522099999827333
35,0.0028036000003339723
36,0.003334600005473476
37,0.004171000000496861
38,0.0033051999998860992
39,0.002304700006789062
40,0.0028330999994068407
41,0.0026829999987967312
42,0.0037449000010383315
43,0.00279210000007879
44,0.002947699998912867
45,0.002231500002380926
46,0.002973900001961738
47,0.0030841999978292733
48,0.0030943000019760802
49,0.0032272999960696325
50,0.0027560000016819686
51,0.0024934000030043535
52,0.004260000001522712
53,0.0029310999962035567
54,0.002278300002217293
55,0.002373700001044199
56,0.0031967000031727366
57,0.002870600001187995
58,0.003400199995667208
59,0.00275839999812888
60,0.0027757999996538274
61,0.002940200000011828
62,0.0035891000006813556
63,0.004051100004289765
64,0.0036330000002635643
65,0.002455900001223199
66,0.0023060000021359883
67,0.007579299999633804
68,0.0029023999959463254
69,0.0022282999998424202
70,0.003613499997300096
71,0.002248400000098627
72,0.0031167999986791983
73,0.0024802999978419393
74,0.0027633999998215586
75,0.0026232000018353574
76,0.0021600000036414713
77,0.003028500002983492
78,0.002726599996094592
79,0.0035161999985575676
80,0.0034871000025304966
81,0.0034717000016826205
82,0.0027010999983758666
83,0.0025712999995448627
84,0.004083599997102283
85,0.002704299993638415
86,0.004063800006406382
87,0.0027372000040486455
88,0.002610900002764538
89,0.002552300000388641
90,0.003334799999720417
91,0.0028148000055807643
92,0.0034813999955076724
93,0.002456700000038836
94,0.0024105999982566573
95,0.00223760000517359
96,0.002249899996968452
97,0.002544599999964703
98,0.0033753999960026704
99,0.002487299992935732
100,0.002721899996686261
180,flows
1,0.004246099997544661
2,0.0028223000044818036
3,0.004874400001426693
4,0.0029710999951930717
5,0.0036360000012791716
6,0.0032741000031819567
7,0.00309209999977611
8,0.003067000005103182
9,0.0036404999991646037
10,0.003103999995801132
11,0.0035560000033001415
12,0.0030981000018073246
13,0.003751700001885183
14,0.004637500001990702
15,0.0034464999989722855
16,0.00410810000175843
17,0.003151800003251992
18,0.0027912000005017035
19,0.003591199994843919
20,0.0031225000057020225
21,0.0025451000037719496
22,0.0033774000039556995
23,0.00335099999938393
24,0.004859199994825758
25,0.003240699996240437
26,0.003864600002998486
27,0.003881199998431839
28,0.00557190000108676
29,0.0032076000061351806
30,0.0036077000040677376
31,0.0031607999990228564
32,0.0031962000066414475
33,0.004372900002636015
34,0.004687600005127024
35,0.0030798000007052906
36,0.004035199999634642
37,0.0027679000049829483
38,0.003058200003579259
39,0.003504200001771096
40,0.005007400002796203
41,0.0027603999988059513
42,0.0026093999986187555
43,0.0038223000010475516
44,0.003949600002670195
45,0.0034052000046358444
46,0.003470899995591026
47,0.0037248000007821247
48,0.004497599999012891
49,0.0047055000031832606
50,0.002857400002540089
51,0.003033000000868924
52,0.0043375999957788736
53,0.004098000004887581
54,0.0037977999963914044
55,0.0027388000016799197
56,0.003583099998650141
57,0.003630600003816653
58,0.003298699994047638
59,0.0033037000030162744
60,0.004562899994198233
61,0.003006300001288764
62,0.0037508000023080967
63,0.003397400003450457
64,0.008194899994123261
65,0.0032495999985258095
66,0.0032706000056350604
67,0.003559100005077198
68,0.003684100003738422
69,0.003091600003244821
70,0.003121800000371877
71,0.0037152000004425645
72,0.0028811000011046417
73,0.00270759999693837
74,0.003041999996639788
75,0.0032760999965830706
76,0.003564300001016818
77,0.003093299994361587
78,0.0033394999991287477
79,0.0039003000056254677
80,0.0030486000032396987
81,0.003860800003167242
82,0.003300700002000667
83,0.0033922000002348796
84,0.0037651000020559877
85,0.0037559999982477166
86,0.003828500004601665
87,0.0032838000042829663
88,0.0038912000018171966
89,0.0025008000011439435
90,0.003501999999571126
91,0.003121499998087529
92,0.0033286000034422614
93,0.0023625999965588562
94,0.0037548999971477315
95,0.0028659000017796643
96,0.0037050999962957576
97,0.00286210000194842
98,0.003725399998074863
99,0.0036792000028071925
100,0.00316729999758536
220,flows
1,0.005662799994752277
2,0.004945100001350511
3,0.0038237999979173765
4,0.003553399998054374
5,0.005945999997493345
6,0.0033838000017567538
7,0.0033344000039505772
8,0.003682700000354089
9,0.004596200000378303
10,0.0051741999996011145
11,0.004663299994717818
12,0.003877800001646392
13,0.0034321999992243946
14,0.0035531999965314753
15,0.0039151999953901395
16,0.0039150000011431985
17,0.004809500002011191
18,0.00410589999955846
19,0.004424099999596365
20,0.004336100006185006
21,0.005208599999605212
22,0.003642399999080226
23,0.004189699997368734
24,0.0055269000004045665
25,0.003957099994295277
26,0.0038993999987724237
27,0.00518970000121044
28,0.004101899998204317
29,0.003710900004080031
30,0.005733999998483341
31,0.005145200004335493
32,0.0032891000009840354
33,0.002790600003208965
34,0.004247000004397705
35,0.004571099998429418
36,0.0037075000000186265
37,0.0034524000002420507
38,0.003494900003715884
39,0.0050312999956076965
40,0.004881999993813224
41,0.0038042000014684163
42,0.0034372000009170733
43,0.003845599996566307
44,0.004002299996500369
45,0.0027218000032007694
46,0.009345400001620874
47,0.0033973000026890077
48,0.003099000001384411
49,0.006573099999513943
50,0.0038768000013078563
51,0.004291500001272652
52,0.010152000002563
53,0.003811800001130905
54,0.004770200001075864
55,0.0036041999992448837
56,0.005328799998096656
57,0.004336900005000643
58,0.003889200001140125
59,0.004533100000116974
60,0.006200499999977183
61,0.005249200003163423
62,0.004139399999985471
63,0.004592400000547059
64,0.004117199998290744
65,0.004193799999484327
66,0.0048823999968590215
67,0.00426329999754671
68,0.003602199998567812
69,0.004961499995260965
70,0.0049737999943317845
71,0.0056568999934825115
72,0.004512899999099318
73,0.004073899996001273
74,0.0038621999992756173
75,0.0041302000026917085
76,0.003779699996812269
77,0.00401179999607848
78,0.004235799999150913
79,0.0033024999938788824
80,0.004770099993038457
81,0.004093099996680394
82,0.004469300001801457
83,0.0029938999941805378
84,0.0034344000014243647
85,0.0032492000027559698
86,0.004949100002704654
87,0.0039909999977680854
88,0.0035131999975419603
89,0.0035075000050710514
90,0.003444600006332621
91,0.0052859999996144325
92,0.0034871000025304966
93,0.005265799998596776
94,0.004014400001324248
95,0.003652600003988482
96,0.0036484000011114404
97,0.00391220000165049
98,0.0037422000023070723
99,0.003968200006056577
100,0.003784200001973659
260,flows
1,0.004123800004890654
2,0.005085900003905408
3,0.004284699993149843
4,0.0036595999990822747
5,0.003315000001748558
6,0.004099599995242897
7,0.003515299998980481
8,0.004769099999975879
9,0.005180200001632329
10,0.005478200000652578
11,0.005159000000276137
12,0.0037561999997706152
13,0.004485000004933681
14,0.004021900000225287
15,0.004262799993739463
16,0.0037126000024727546
17,0.004861299996264279
18,0.003909299994120374
19,0.00714950000110548
20,0.004683199993451126
21,0.003907399994204752
22,0.008760599994275253
23,0.004354500000772532
24,0.00480260000040289
25,0.004418200005602557
26,0.004155200003879145
27,0.005319299998518545
28,0.004011999997601379
29,0.004641400002583396
30,0.0048826999991433695
31,0.008978300000308082
32,0.004659099999116734
33,0.003522200000588782
34,0.006052400000044145
35,0.004952499999490101
36,0.004816400003619492
37,0.004512699997576419
38,0.00505449999764096
39,0.0036814999984926544
40,0.0052567999955499545
41,0.004687299995566718
42,0.005177499995625112
43,0.005310300002747681
44,0.006256100001337472
45,0.005201200001465622
46,0.005094699998153374
47,0.003958199995395262
48,0.006131499998446088
49,0.004459399999177549
50,0.00460929999826476
51,0.0050448999973014
52,0.005425800001830794
53,0.004424899998412002
54,0.004103400002350099
55,0.008844500000122935
56,0.0034559000050649047
57,0.0033949000062420964
58,0.004698700002336409
59,0.004101200000150129
60,0.0042527999976300634
61,0.0032099000018206425
62,0.005231600000115577
63,0.003945199998270255
64,0.00387590000173077
65,0.005091899998660665
66,0.004744300000311341
67,0.005144900002051145
68,0.004070100003445987
69,0.006685099993774202
70,0.005389999998442363
71,0.004226099998049904
72,0.004363300002296455
73,0.005026300001190975
74,0.004840999994485173
75,0.0037673999977414496
76,0.003423900001507718
77,0.0054352000006474555
78,0.004294300000765361
79,0.003787299996474758
80,0.004521799994108733
81,0.005303499994624872
82,0.0051510999983293
83,0.004589299998770002
84,0.004564400005619973
85,0.004164300000411458
86,0.003930500002752524
87,0.005018300005758647
88,0.004344200002378784
89,0.00488970000151312
90,0.004569900003843941
91,0.005158299994945992
92,0.003592100001696963
93,0.005396699998527765
94,0.0040060999963316135
95,0.004459100004169159
96,0.0041951000021072105
97,0.0033060999994631857
98,0.004383300001791213
99,0.0039729999989503995
100,0.005333100001735147
STB
100,flows
1,0.0021938999998383224
2,0.0063702999977977015
3,0.00207829999999376
4,0.0026052000030176714
5,0.0021859999978914857
6,0.0027996999997412786
7,0.0020963999995728955
8,0.002203600000939332
9,0.0022430999961216003
10,0.0033526999977766536
11,0.0021701000005123205
12,0.002371799993852619
13,0.0024847999957273714
14,0.0027886000025318936
15,0.0025348999988636933
16,0.0022873000052641146
17,0.0020073999985470437
18,0.0027963000029558316
19,0.0028125000026193447
20,0.0028154999963589944
21,0.0025453000052948482
22,0.0025374000033480115
23,0.0025825999982771464
24,0.0024425000010523945
25,0.0023604000016348436
26,0.0027552000028663315
27,0.002590800002508331
28,0.002968100001453422
29,0.002621999999973923
30,0.0023062999971443787
31,0.004999400000087917
32,0.001975999999558553
33,0.0027762000026996247
34,0.002141799996024929
35,0.003122299996903166
36,0.0030078000054345466
37,0.002184100005251821
38,0.0028190000011818483
39,0.002137400006176904
40,0.002212100000178907
41,0.002292899996973574
42,0.002460099996824283
43,0.0025420999954803847
44,0.0026622000004863366
45,0.0027541000017663464
46,0.0025976999968406744
47,0.0025861000031000003
48,0.0023445000042556785
49,0.002871200005756691
50,0.0019677999953273684
51,0.0020901000025332905
52,0.0023597999970661476
53,0.002337099998840131
54,0.0032741999966674484
55,0.002315199999429751
56,0.003103999995801132
57,0.002615099998365622
58,0.0023037000064505264
59,0.004100099999050144
60,0.0032675999973434955
61,0.0031143000014708377
62,0.0017693999980110675
63,0.002485500001057517
64,0.002325300003576558
65,0.0021612999989883974
66,0.00279210000007879
67,0.002593700002762489
68,0.002180600000428967
69,0.0022343999953591265
70,0.002481900002749171
71,0.002440199998090975
72,0.002493200001481455
73,0.002730400003201794
74,0.0031302999996114522
75,0.0018853000001399778
76,0.0026953000051435083
77,0.0022592999957851134
78,0.002471799998602364
79,0.0023871000012150034
80,0.0022884999998495914
81,0.002020500003709458
82,0.0023718000011285767
83,0.002095199997711461
84,0.002740800002356991
85,0.00205390000337502
86,0.0022346999976434745
87,0.0025878999949782155
88,0.0023842999944463372
89,0.002698100004636217
90,0.0030877000026521273
91,0.0021945000044070184
92,0.0021953999967081472
93,0.002231500002380926
94,0.002346399996895343
95,0.003024500001629349
96,0.002230400001280941
97,0.00304100000357721
98,0.0022441000037360936
99,0.002659400000993628
100,0.0031607999990228564
140,flows
1,0.0032760999965830706
2,0.004174800000328105
3,0.0029312000042409636
4,0.0032466999982716516
5,0.0028257000012672506
6,0.0032136000008904375
7,0.0031852000029175542
8,0.003349899998283945
9,0.003592299995943904
10,0.0032727999932831153
11,0.0028344000020297244
12,0.0030867000023135915
13,0.0043836999975610524
14,0.002707100000407081
15,0.0024674000014783815
16,0.0035143999994033948
17,0.003963199997087941
18,0.004532399994786829
19,0.0026687999998102896
20,0.00270019999879878
21,0.004222499999741558
22,0.0025467000014032237
23,0.0027211999986320734
24,0.00320839999767486
25,0.004303200003050733
26,0.003128099997411482
27,0.0031792000008863397
28,0.004531699996732641
29,0.002868899995519314
30,0.0035986000002594665
31,0.003708200005348772
32,0.003174999998009298
33,0.002998900003149174
34,0.0030226000017137267
35,0.0034127000035368837
36,0.0036555999977281317
37,0.0038918999998713844
38,0.003114799998002127
39,0.002793800005747471
40,0.0037493999989237636
41,0.003627899997809436
42,0.0027062000008299947
43,0.002340300001378637
44,0.0027888000040547922
45,0.0032285999986925162
46,0.004055000004882459
47,0.003046300000278279
48,0.0034787999975378625
49,0.0031033999985083938
50,0.00352030000067316
51,0.002478399997926317
52,0.002997499999764841
53,0.0031795999966561794
54,0.003505200002109632
55,0.0029624000017065555
56,0.002965899999253452
57,0.0035446999972919002
58,0.004880799999227747
59,0.003296899994893465
60,0.002343300002394244
61,0.004252699996868614
62,0.00355919999856269
63,0.0027017999964300543
64,0.0036114999966230243
65,0.002908700000261888
66,0.0033676000020932406
67,0.0051521999994292855
68,0.003191199997672811
69,0.0027717999982996844
70,0.0028442000038921833
71,0.004310899996198714
72,0.003463599998212885
73,0.0028546000030473806
74,0.003323099997942336
75,0.0025921999986167066
76,0.0038424000013037585
77,0.003247599997848738
78,0.0024374999993597157
79,0.004003599999123253
80,0.0024998999942908995
81,0.00307539999630535
82,0.0025488000028417446
83,0.0027676000026986003
84,0.004076199998962693
85,0.0026047000064863823
86,0.004816799999389332
87,0.002922200001194142
88,0.004269299999577925
89,0.0031325000018114224
90,0.0027389999959268607
91,0.002748200000496581
92,0.003068800004257355
93,0.0032370999979320914
94,0.0032931000023381785
95,0.003138500003842637
96,0.0034503999995649792
97,0.0030456000022240914
98,0.0036340000006021
99,0.002740500000072643
100,0.003391100006410852
180,flows
1,0.003835600000456907
2,0.0037951999984215945
3,0.0037759000042569824
4,0.0031447000001207925
5,0.003682000002299901
6,0.0038765999997849576
7,0.003425099996093195
8,0.004620100000465754
9,0.0035050000005867332
10,0.003282799996668473
11,0.0047811999975237995
12,0.003224000000045635
13,0.0037434000041685067
14,0.0041043999954126775
15,0.0027278999987174757
16,0.005023699995945208
17,0.0052687999996123835
18,0.0036304000022937544
19,0.0033994999976130202
20,0.0034780999994836748
21,0.004985899999155663
22,0.004721400000562426
23,0.0028399000002536923
24,0.005019999996875413
25,0.004350999995949678
26,0.0036634999996749684
27,0.0033954999962588772
28,0.004805099997611251
29,0.0031269000028260052
30,0.0037039000017102808
31,0.004154199996264651
32,0.0038043000022298656
33,0.005476199999975506
34,0.003269599998020567
35,0.0028088000035495497
36,0.0036286000031395815
37,0.003894000001309905
38,0.003147499999613501
39,0.0033064000017475337
40,0.00534190000325907
41,0.0031142000007093884
42,0.003231800001231022
43,0.003551599998900201
44,0.0035428999981377274
45,0.0045368999999482185
46,0.003897900001902599
47,0.0038324999986798503
48,0.003311000000394415
49,0.004667699999117758
50,0.0035369000033824705
51,0.004603599998517893
52,0.0032968000014079735
53,0.004354599994258024
54,0.0035638999979710206
55,0.003181899999617599
56,0.004186099999060389
57,0.0030372000037459657
58,0.003289499996753875
59,0.0032235000035143457
60,0.0034688999949139543
61,0.0036140000011073425
62,0.0033658000029390678
63,0.004542599999695085
64,0.006324900001345668
65,0.002769400001852773
66,0.003576000002794899
67,0.003040399999008514
68,0.004640499995730352
69,0.0035639000052469783
70,0.0035247000050731003
71,0.004653799995139707
72,0.0031215000053634867
73,0.0028759999986505136
74,0.003130500001134351
75,0.004653399999369867
76,0.004509899998083711
77,0.0029942000037408434
78,0.0040683999977773055
79,0.0036409999956958927
80,0.003228999994462356
81,0.0038465999969048426
82,0.0038663000013912097
83,0.003315699999802746
84,0.0029891000012867153
85,0.0032339999961550348
86,0.006456600000092294
87,0.003221200000552926
88,0.0033815999995567836
89,0.0034689999956754036
90,0.003290600005129818
91,0.003988799995568115
92,0.0035777999946731143
93,0.002885699999751523
94,0.004652900002838578
95,0.0035175000011804514
96,0.004450200001883786
97,0.0052533999987645075
98,0.004520499998761807
99,0.004466099999262951
100,0.0032199999986914918
220,flows
1,0.00328579999768408
2,0.0036379000011947937
3,0.004626900001312606
4,0.0037585999962175265
5,0.004698299999290612
6,0.003414300001168158
7,0.004535800006124191
8,0.003963600000133738
9,0.005652700005157385
10,0.0036095000032219104
11,0.005433799997263122
12,0.0038354999996954575
13,0.004903799999738112
14,0.0036962999947718345
15,0.004397800003062002
16,0.004175199996097945
17,0.005306999999447726
18,0.0047227000031853095
19,0.004275799998140428
20,0.0033712000004015863
21,0.004560299996228423
22,0.004387799999676645
23,0.004600500004016794
24,0.003857099996821489
25,0.0037104000002727844
26,0.0034607999987201765
27,0.004640999999537598
28,0.00453890000062529
29,0.004736399998364504
30,0.0034398999996483326
31,0.004018200001155492
32,0.0037980999986757524
33,0.003857100004097447
34,0.003206300003512297
35,0.004471299995202571
36,0.0044166000006953254
37,0.004546500000287779
38,0.0047591999973519705
39,0.004489400002057664
40,0.004866100003710017
41,0.004447200000868179
42,0.003314900000987109
43,0.0034577999977045693
44,0.0046758000025874935
45,0.004285299997718539
46,0.008959600003436208
47,0.005138000000442844
48,0.003538600001775194
49,0.003935799999453593
50,0.004133300004468765
51,0.0037646999990101904
52,0.0053568000002997
53,0.004523199997493066
54,0.0037836000046809204
55,0.003630799998063594
56,0.0038700000004610047
57,0.003274500006227754
58,0.004269299999577925
59,0.003985700001067016
60,0.006018400003085844
61,0.004986600004485808
62,0.003564900005585514
63,0.00514189999375958
64,0.00465999999869382
65,0.005279499993775971
66,0.0038454000023193657
67,0.004526099997747224
68,0.004718600001069717
69,0.004139399999985471
70,0.006006299998261966
71,0.005006400002457667
72,0.004527700002654456
73,0.00546270000631921
74,0.0051767999975709245
75,0.0034962999998242594
76,0.004244199997629039
77,0.004658199999539647
78,0.005036299997300375
79,0.005749699994339608
80,0.0037759000042569824
81,0.0036421000040718354
82,0.005049100000178441
83,0.0039378000001306646
84,0.004219100002956111
85,0.004961300001014024
86,0.005135799998242874
87,0.004628399998182431
88,0.003690199999255128
89,0.004152499997871928
90,0.015103300000191666
91,0.0032884000029298477
92,0.0041302999961772
93,0.004689099994720891
94,0.003275499999290332
95,0.004887200004304759
96,0.01034790000267094
97,0.0038799999965704046
98,0.0038850999990245327
99,0.003431600001931656
100,0.004875500002526678
260,flows
1,0.004847099997277837
2,0.00453630000265548
3,0.005304999998770654
4,0.0044393999996827915
5,0.004656800003431272
6,0.0042431000038050115
7,0.004636400000890717
8,0.0051558999984990805
9,0.005939399998169392
10,0.00454409999656491
11,0.005009200001950376
12,0.00414920000184793
13,0.004948100002366118
14,0.004418299999088049
15,0.004440800003067125
16,0.00491669999610167
17,0.0033974999969359487
18,0.004661300001316704
19,0.006568400000105612
20,0.003863699996145442
21,0.004767200000060257
22,0.008901500004867557
23,0.004506099998252466
24,0.005873900001461152
25,0.006004299997584894
26,0.0037039000017102808
27,0.004466400001547299
28,0.003529800000251271
29,0.0038791999977547675
30,0.003988900003605522
31,0.005549599998630583
32,0.0041589999964344315
33,0.005557600001338869
34,0.004910200004815124
35,0.003802999999606982
36,0.0036395999995875172
37,0.004339699997217394
38,0.004183999997621868
39,0.0037544000006164424
40,0.005451400000310969
41,0.004937099998642225
42,0.006509099999675527
43,0.005733700003474951
44,0.004506800003582612
45,0.0054066000011516735
46,0.004108599998289719
47,0.004658300000301097
48,0.003943899995647371
49,0.006125600004452281
50,0.0035354999999981374
51,0.003843600003165193
52,0.005104299998492934
53,0.0043370999992475845
54,0.004577299994707573
55,0.007494699995731935
56,0.004981199999747332
57,0.00484370000049239
58,0.004588000003423076
59,0.0044060000000172295
60,0.0038284000038402155
61,0.006465300000854768
62,0.00459699999919394
63,0.005028899999160785
64,0.006173000001581386
65,0.005654500004311558
66,0.0042498999973759055
67,0.0041801999977906235
68,0.006269299999985378
69,0.00481710000167368
70,0.004736799994134344
71,0.004046499998366926
72,0.004543199996987823
73,0.004688200002419762
74,0.003591599997889716
75,0.00485119999939343
76,0.004965799998899456
77,0.00599010000587441
78,0.004025599999295082
79,0.00434300000051735
80,0.004348799993749708
81,0.005061199997726362
82,0.004486400001042057
83,0.005342100004781969
84,0.004069900001923088
85,0.00520420000248123
86,0.00590119999833405
87,0.00477629999659257
88,0.0045328999985940754
89,0.004564900002151262
90,0.0042535999964457005
91,0.003923399999621324
92,0.004201499999908265
93,0.006019200001901481
94,0.003625300007115584
95,0.0048979000057443045
96,0.0045812000025762245
97,0.004302900000766385
98,0.004058999998960644
99,0.0039191999967442825
100,0.00514600000315113
JDPS
100,flows
1,0.002635600001667626
2,0.003318900002341252
3,0.003561599995009601
4,0.0024847000022418797
5,0.00293729999975767
6,0.003235500000300817
7,0.0021293000027071685
8,0.0033041999995475635
9,0.002365099993767217
10,0.0021676999967894517
11,0.0031013999978313223
12,0.002376299999014009
13,0.003562099998816848
14,0.0024884000013116747
15,0.003547700005583465
16,0.0026639999996405095
17,0.0019447999948170036
18,0.00210759999754373
19,0.0026361999989603646
20,0.003924200005712919
21,0.0032008999987738207
22,0.002919300000939984
23,0.00233019999723183
24,0.0021777000001748092
25,0.004319500003475696
26,0.0024715999970794655
27,0.002256599997053854
28,0.002249500001198612
29,0.002420799995888956
30,0.00301690000196686
31,0.002645499997015577
32,0.002891199997975491
33,0.0024919999996200204
34,0.003219300000637304
35,0.002050899995083455
36,0.002190899998822715
37,0.0024081000010482967
38,0.00246799999877112
39,0.002574799997091759
40,0.0025246000004699454
41,0.0022616999995079823
42,0.0024927000049501657
43,0.0024810999966575764
44,0.0034526000017649494
45,0.002221599999757018
46,0.002387499996984843
47,0.0024774999983492307
48,0.002391699999861885
49,0.0022094999949331395
50,0.0027346000060788356
51,0.0027616999941528775
52,0.0031717000019853003
53,0.0030857999954605475
54,0.003175600002577994
55,0.0027515000037965365
56,0.0019317999976919964
57,0.002387000000453554
58,0.002535100000386592
59,0.0020758999962708913
60,0.0024234000011347234
61,0.0030732999948668294
62,0.0025027000010595657
63,0.00275580000015907
64,0.0021129000015207566
65,0.002503799994883593
66,0.002326800000446383
67,0.0025639000014052726
68,0.002437400005874224
69,0.00243870000122115
70,0.0024811999974190257
71,0.0030427000019699335
72,0.0021962999962852336
73,0.00271470000006957
74,0.002287900002556853
75,0.0024990000019897707
76,0.0024245999957202002
77,0.0033129000003100373
78,0.0018129000018234365
79,0.0029635000028065406
80,0.0035663000016938895
81,0.0023328000024775974
82,0.0021391000045696273
83,0.002333500000531785
84,0.002881899999920279
85,0.0025738999975146726
86,0.0027332000026945025
87,0.0023674999974900857
88,0.0025719999975990504
89,0.0021411999987321906
90,0.0029053999969619326
91,0.002181600000767503
92,0.0021431000059237704
93,0.0022771000003558584
94,0.002681799996935297
95,0.002829800003382843
96,0.003020600001036655
97,0.003150899996398948
98,0.002722400000493508
99,0.002486400000634603
100,0.0028925000005983748
140,flows
1,0.0026515999998082407
2,0.0033418000020901673
3,0.0027417000019340776
4,0.0027879999979631975
5,0.003301700002339203
6,0.0023035999984131195
7,0.003581199998734519
8,0.002980299999762792
9,0.003413300000829622
10,0.003659699999843724
11,0.003211600000213366
12,0.004026599999633618
13,0.0042102000006707385
14,0.0033907999968505464
15,0.003396499996597413
16,0.002492899999197107
17,0.0032913000031840056
18,0.0022782000014558434
19,0.00311879999935627
20,0.003504899999825284
21,0.0035473000025376678
22,0.0032665999970049597
23,0.004557899999781512
24,0.0025285999945481308
25,0.002924400003394112
26,0.002875400001357775
27,0.002962699996714946
28,0.003361100003530737
29,0.003114400002232287
30,0.003133800004434306
31,0.0026750999968498945
32,0.0032455999971716665
33,0.003334199995151721
34,0.004115999996429309
35,0.00320619999547489
36,0.004254599996784236
37,0.0034640000012586825
38,0.0037578999981633388
39,0.0032044000035966747
40,0.0036087000044062734
41,0.004457400005776435
42,0.003217400000721682
43,0.0026486999995540828
44,0.0029911000019637868
45,0.002798699999402743
46,0.0024294999966514297
47,0.00352289999864297
48,0.0037521999984164722
49,0.002891500000259839
50,0.0024195000005420297
51,0.004295799997635186
52,0.0024943999960669316
53,0.0031296000015572645
54,0.0029911000019637868
55,0.0029528000013669953
56,0.003135600003588479
57,0.003247599997848738
58,0.004737899995234329
59,0.0034375000032014214
60,0.002668299996003043
61,0.002667400003701914
62,0.003949600002670195
63,0.0032432000007247552
64,0.003219300000637304
65,0.003029799998330418
66,0.002943699997558724
67,0.0034574999954202212
68,0.0031751999995321967
69,0.003046300000278279
70,0.0034725999939837493
71,0.0025887000010698102
72,0.0031810000000405125
73,0.002831099998729769
74,0.003031100000953302
75,0.002781800001685042
76,0.00256239999725949
77,0.00257430000056047
78,0.004411800000525545
79,0.0030266999965533614
80,0.0032439999995403923
81,0.0034219000008306466
82,0.002835300001606811
83,0.002866999995603692
84,0.003891499996825587
85,0.0030303999956231564
86,0.003522200000588782
87,0.003068300000450108
88,0.0036437999951886013
89,0.0039558999997098
90,0.0036026000016136095
91,0.002947599998151418
92,0.003161300002830103
93,0.0031486000007134862
94,0.003677399996377062
95,0.002992399997310713
96,0.0036257000028854236
97,0.0025605999981053174
98,0.0026520999963395298
99,0.0035530000022845343
100,0.0027956999983871356
180,flows
1,0.003247400003601797
2,0.003382199996849522
3,0.004405100000440143
4,0.0041203000000678
5,0.003049899998586625
6,0.0041482000015093945
7,0.004555700004857499
8,0.0036012999989907257
9,0.003922699994291179
10,0.0034310000046389177
11,0.004946900000504684
12,0.003292399997008033
13,0.0049045000050682575
14,0.003240399993956089
15,0.00495750000118278
16,0.0038365000000339933
17,0.002798099994834047
18,0.003777400001126807
19,0.0035653000013553537
20,0.0036760000002686866
21,0.005091299994091969
22,0.0038115999996080063
23,0.0032559999963268638
24,0.004025499998533633
25,0.004084899999725167
26,0.0036678000033134595
27,0.0031416999991051853
28,0.0044793999986723065
29,0.0036093000016990118
30,0.003428900003200397
31,0.0035724000044865534
32,0.004130900000745896
33,0.00369920000230195
34,0.0037139000050956383
35,0.0038773999986005947
36,0.004186799997114576
37,0.003469399998721201
38,0.004147400002693757
39,0.0031556000030832365
40,0.0035999000028823502
41,0.0046862999952281825
42,0.005069099999673199
43,0.0035029999999096617
44,0.0037065999931655824
45,0.0035970000026281923
46,0.0053738000060548075
47,0.005087799996545073
48,0.0031366999974125065
49,0.005091300001367927
50,0.0038406000021495856
51,0.0036003000059281476
52,0.003463299995928537
53,0.003191599993442651
54,0.0039031000051181763
55,0.003359399997862056
56,0.00557459999981802
57,0.003376900000148453
58,0.0043554000003496185
59,0.003229100002499763
60,0.0032089000014821067
61,0.0035076999993179925
62,0.004111499998543877
63,0.0034919000027002767
64,0.003918000002158806
65,0.003896599999279715
66,0.004299499996704981
67,0.003166599999531172
68,0.004610199997841846
69,0.003707399999257177
70,0.0030633999995188788
71,0.004457199996977579
72,0.004598400002578273
73,0.004253600003721658
74,0.003821400001470465
75,0.0033345999981975183
76,0.0033885999946505763
77,0.0032015000033425167
78,0.003459100000327453
79,0.004033600002003368
80,0.003002699995704461
81,0.004796799999894574
82,0.004143600002862513
83,0.004495699999097269
84,0.0033947999982046895
85,0.003354200001922436
86,0.004974000003130641
87,0.004012199999124277
88,0.0030870000045979396
89,0.0035468000060063787
90,0.0038075999982538633
91,0.0033108999996329658
92,0.004076299999724142
93,0.003850300003250595
94,0.004210099999909289
95,0.003777400001126807
96,0.003453999997873325
97,0.004022100001748186
98,0.005022899997129571
99,0.004788900005223695
100,0.004322399996453896
220,flows
1,0.005076599998574238
2,0.004201099996862467
3,0.004780200004461221
4,0.004740900003525894
5,0.005033100002037827
6,0.0038541999965673313
7,0.00544860000081826
8,0.004797399997187313
9,0.0035142999986419454
10,0.003907800004526507
11,0.005872800000361167
12,0.00472329999320209
13,0.005052700005762745
14,0.003613799999584444
15,0.004720999997516628
16,0.004197299997031223
17,0.00510559999383986
18,0.004545000003417954
19,0.00323950000165496
20,0.003641700001026038
21,0.004407899999932852
22,0.00396290000207955
23,0.004838499997276813
24,0.004149199994571973
25,0.004752900000312366
26,0.004903599998215213
27,0.0046311999976751395
28,0.0037984000009601004
29,0.004355299999588169
30,0.004045399997266941
31,0.004237599998305086
32,0.0038222000002861023
33,0.00437190000229748
34,0.004695700001320802
35,0.005633000000671018
36,0.0037393000020529144
37,0.004326100002799649
38,0.0034582000007503666
39,0.003498300000501331
40,0.00632430000405293
41,0.0047620999976061285
42,0.00497190000169212
43,0.0033786999993026257
44,0.005938599999353755
45,0.003941099996154662
46,0.008082100001047365
47,0.004147100000409409
48,0.0034443999975337647
49,0.0034624000036274083
50,0.0035927999997511506
51,0.0039480999985244125
52,0.00652500000433065
53,0.0037731999982497655
54,0.00551160000031814
55,0.004234699998050928
56,0.006079300001147203
57,0.004091199996764772
58,0.004534599996986799
59,0.004720800003269687
60,0.005097300003399141
61,0.003520799997204449
62,0.004915599995001685
63,0.004018300001916941
64,0.004964100000506733
65,0.003291700006229803
66,0.004928700000164099
67,0.003658900001028087
68,0.004083799998625182
69,0.0045083000004524365
70,0.005124199997226242
71,0.0047224000009009615
72,0.0064908999993349425
73,0.0038179999974090606
74,0.004092200004379265
75,0.004622100001142826
76,0.004375700002128724
77,0.00404770000022836
78,0.004870899996603839
79,0.004787500001839362
80,0.004637499994714744
81,0.0036822999973082915
82,0.005521999999473337
83,0.004381200000352692
84,0.004415900002641138
85,0.004721700002846774
86,0.0052061999958823435
87,0.008987399996840395
88,0.0053664999941247515
89,0.005587800005741883
90,0.007051000000501517
91,0.004392200004076585
92,0.004305700000259094
93,0.0034655999988899566
94,0.00503519999620039
95,0.0037738999963039532
96,0.006851899997855071
97,0.0042248000027029775
98,0.004302899993490428
99,0.006298700005572755
100,0.004673000003094785
260,flows
1,0.004455999995116144
2,0.00511450000340119
3,0.004603000001225155
4,0.003971799997088965
5,0.004592999997839797
6,0.00591089999943506
7,0.00535640000452986
8,0.00431630000093719
9,0.004218399997625966
10,0.005256900003587361
11,0.005216100005782209
12,0.006516500005091075
13,0.005087400000775233
14,0.004901699998299591
15,0.005425299998023547
16,0.005858799995621666
17,0.005648900005326141
18,0.003911500003596302
19,0.0045155000043450855
20,0.005228399997577071
21,0.005001800003810786
22,0.010249599996313918
23,0.005381900002248585
24,0.005587899999227375
25,0.004772499996761326
26,0.003962499999033753
27,0.005512099996849429
28,0.005313500005286187
29,0.004343300002801698
30,0.004393600000184961
31,0.00522820000333013
32,0.004217099995003082
33,0.0046321000045281835
34,0.004512999999860767
35,0.0058506999994278885
36,0.004224400006933138
37,0.005262400001811329
38,0.00463820000004489
39,0.004420099998242222
40,0.004930199997033924
41,0.0053123000034247525
42,0.006323499997961335
43,0.005372799998440314
44,0.004519900001469068
45,0.00649130000238074
46,0.0047890000059851445
47,0.005737399995268788
48,0.004136199997446965
49,0.00545639999472769
50,0.00365359999705106
51,0.0058363999996799976
52,0.004720500000985339
53,0.004564900002151262
54,0.005225299995800015
55,0.004779800001415424
56,0.00481999999465188
57,0.005358399997930974
58,0.004494999993767124
59,0.00393919999623904
60,0.005324899997503962
61,0.0034449000013410114
62,0.005584699996688869
63,0.003441100001509767
64,0.005004099999496248
65,0.006045599999197293
66,0.004408299995702691
67,0.004932799995003734
68,0.004125400002521928
69,0.0043693999978131615
70,0.0056830000030458905
71,0.004790600003616419
72,0.003993400001490954
73,0.005217300000367686
74,0.005270599998766556
75,0.00478080000175396
76,0.005727999996452127
77,0.004665899999963585
78,0.0053219999972498044
79,0.00541489999886835
80,0.006551800004672259
81,0.004627000002074055
82,0.00597830000333488
83,0.00429440000152681
84,0.005105900003400166
85,0.004702600002929103
86,0.005586100000073202
87,0.005874800001038238
88,0.0041808000023593195
89,0.003974399995058775
90,0.004089800000656396
91,0.005198300001211464
92,0.0041478999992250465
93,0.005740100001276005
94,0.005297199997585267
95,0.00416889999905834
96,0.0053783000039402395
97,0.004271300000254996
98,0.004022799999802373
99,0.004988499997125473
100,0.004468800005270168
FS
100,flows
1,0.0022506000022985972
2,0.003380699999979697
3,0.002409199994872324
4,0.0024399000030825846
5,0.003057100002479274
6,0.0027527999991434626
7,0.0025062999993679114
8,0.002620899998873938
9,0.002474599998095073
10,0.003728900002897717
11,0.0033421000043745153
12,0.002324099994439166
13,0.002846700001100544
14,0.002726800004893448
15,0.003357400004460942
16,0.0029657999984920025
17,0.002348300004086923
18,0.002645100001245737
19,0.0031780999997863546
20,0.0036884000001009554
21,0.0035347000011825003
22,0.0022836999996798113
23,0.002795000000332948
24,0.0030600000027334318
25,0.002398299999185838
26,0.002127799998561386
27,0.002131799999915529
28,0.0023156000024755485
29,0.002540299996326212
30,0.00232279999909224
31,0.0045849000016460195
32,0.002033199998550117
33,0.0027721000005840324
34,0.0023886999988462776
35,0.003070400001888629
36,0.002355899996473454
37,0.0025996000040322542
38,0.0032187000033445656
39,0.002259199995023664
40,0.0024651999992784113
41,0.002886399997805711
42,0.0032704999975976534
43,0.002483099997334648
44,0.002383999999437947
45,0.003322399999888148
46,0.0022945999953662977
47,0.003177800004777964
48,0.0024791999967419542
49,0.002986700004839804
50,0.002147899998817593
51,0.002884400004404597
52,0.0022367999990819953
53,0.0027923000016016886
54,0.0027248999977018684
55,0.003241699996578973
56,0.002630800001497846
57,0.0024784999986877665
58,0.002511200000299141
59,0.003355000000738073
60,0.0032333999988622963
61,0.0024944000033428892
62,0.00248759999522008
63,0.0024734999969950877
64,0.0033213999995496124
65,0.0026129000034416094
66,0.003289799999038223
67,0.0031487000014749356
68,0.0022411000027204864
69,0.0022873999987496063
70,0.0026461999950697646
71,0.0024979000008897856
72,0.0024197000020649284
73,0.002623599997605197
74,0.0026800000050570816
75,0.0024068999991868623
76,0.0024238999976660125
77,0.0028105000019422732
78,0.002572999997937586
79,0.0027054999954998493
80,0.002195200002461206
81,0.0022996999978204258
82,0.003243899998778943
83,0.002754000001004897
84,0.002453300003253389
85,0.0024224000007961877
86,0.0028298999968683347
87,0.0027192000052309595
88,0.003855800001474563
89,0.0033702000000630505
90,0.003756700003577862
91,0.0032013999953051098
92,0.0026329999964218587
93,0.002543100003094878
94,0.0026996000015060417
95,0.002670300003956072
96,0.0027534999971976504
97,0.003477899997960776
98,0.0024465000024065375
99,0.002427799998258706
100,0.002757099995505996
140,flows
1,0.004018499996163882
2,0.004258799999661278
3,0.0035200999991502613
4,0.003919699993275572
5,0.00435480000305688
6,0.0042641999971237965
7,0.0028124000018578954
8,0.0037873000037507154
9,0.003918200003681704
10,0.0037317000023904257
11,0.002914299999247305
12,0.004113900002266746
13,0.003978900000220165
14,0.003965600000810809
15,0.003159299994877074
16,0.0041981999966083094
17,0.003796400000283029
18,0.0031487000014749356
19,0.0032739999951445498
20,0.0037100999979884364
21,0.004486400001042057
22,0.0031498000025749207
23,0.003564799997548107
24,0.004682699996919837
25,0.0035267999992356636
26,0.0032568000024184585
27,0.004651599992939737
28,0.005119499997817911
29,0.003920399998605717
30,0.002947900000435766
31,0.0043007999993278645
32,0.0025807999991229735
33,0.0038035000034142286
34,0.0029551999978139065
35,0.003848100001050625
36,0.003927700003259815
37,0.0029654999962076545
38,0.004768700004206039
39,0.003683100003399886
40,0.003616499998315703
41,0.003045500001462642
42,0.003516799995850306
43,0.0029004000025452115
44,0.003163400004268624
45,0.0032043000028352253
46,0.004186600002867635
47,0.0029881000009481795
48,0.0030369000014616176
49,0.0033825999998953193
50,0.003777700003411155
51,0.003663099996629171
52,0.004208599995763507
53,0.005136600004334468
54,0.0030200999972294085
55,0.0032626000029267743
56,0.002922600004239939
57,0.003627899997809436
58,0.005695100000593811
59,0.0036232999991625547
60,0.003001999997650273
61,0.00342810000438476
62,0.003417200001422316
63,0.0033559999938006513
64,0.005033800000092015
65,0.0040465000056428835
66,0.003198599995812401
67,0.0035637999972095713
68,0.0035645999960252084
69,0.002725799997278955
70,0.003568000000086613
71,0.005058399998233654
72,0.0035540999961085618
73,0.0035545999999158084
74,0.0032712000029277988
75,0.003542799997376278
76,0.003524799998558592
77,0.00318400000105612
78,0.0035399000043980777
79,0.0031644999980926514
80,0.003144599999359343
81,0.004099999998288695
82,0.003215299999283161
83,0.003510499998810701
84,0.005070200000773184
85,0.002960899997560773
86,0.0032223000016529113
87,0.0035313000043970533
88,0.0029031000012764707
89,0.002798699999402743
90,0.0035279000003356487
91,0.003143800000543706
92,0.0035266999984742142
93,0.0038054000033298507
94,0.0033323000025120564
95,0.0031319999980041757
96,0.0034843999965232797
97,0.003203899999789428
98,0.003834900002402719
99,0.0030633999995188788
100,0.00428029999602586
180,flows
1,0.0035451999938231893
2,0.003821400001470465
3,0.0039527000044472516
4,0.004702900005213451
5,0.0042032999990624376
6,0.003444499998295214
7,0.005324099998688325
8,0.004643899999791756
9,0.004902499997115228
10,0.003572000001440756
11,0.006895300000905991
12,0.0037247000000206754
13,0.005009999993490055
14,0.004189799998130184
15,0.003926799996406771
16,0.004888399998890236
17,0.004344299995864276
18,0.003957799999625422
19,0.0037817000047652982
20,0.0044027999974787235
21,0.005048099999839906
22,0.0047741000016685575
23,0.0033968999996432103
24,0.004657499994209502
25,0.0036184999989927746
26,0.003737799997907132
27,0.004330100004153792
28,0.0055481000017607585
29,0.004240200003550854
30,0.005195900004764553
31,0.004706799998530187
32,0.0038387000022339635
33,0.0038494000036735088
34,0.004164500001934357
35,0.004506500001298264
36,0.004772699998284224
37,0.004483100005018059
38,0.005760000000009313
39,0.004095199998118915
40,0.005467700000735931
41,0.0035219999990658835
42,0.0038952000031713396
43,0.005125499999849126
44,0.004812900006072596
45,0.0038629000046057627
46,0.005653699998219963
47,0.005049400002462789
48,0.003698100001201965
49,0.0037126000024727546
50,0.003358599999046419
51,0.0038505999982589856
52,0.004315199999837205
53,0.004156399998464622
54,0.004426599996804725
55,0.004127300002437551
56,0.004972900002030656
57,0.003591599997889716
58,0.004164899997704197
59,0.0035174999939044937
60,0.004310900003474671
61,0.003812599999946542
62,0.004053399999975227
63,0.006161099998280406
64,0.005185999994864687
65,0.003573499998310581
66,0.004363200001535006
67,0.003719000000273809
68,0.004580699998768978
69,0.0051525000017136335
70,0.003695999999763444
71,0.004515499997069128
72,0.004096100004971959
73,0.004409100001794286
74,0.003503100000671111
75,0.004477100002986845
76,0.004440400000021327
77,0.004211999999824911
78,0.003574599999410566
79,0.004572500001813751
80,0.004623299995728303
81,0.004146899998886511
82,0.00466959999903338
83,0.0037611000007018447
84,0.0038296999991871417
85,0.0044103000036557205
86,0.0055365999942296185
87,0.004270199999155011
88,0.0036190000028000213
89,0.004531700004008599
90,0.003622600001108367
91,0.004215100001601968
92,0.003812599999946542
93,0.0034670000022742897
94,0.004699800003436394
95,0.004197299997031223
96,0.003683400005684234
97,0.0037529999972321093
98,0.003948999998101499
99,0.0048966999966069125
100,0.004343900000094436
220,flows
1,0.005026899998483714
2,0.004808999998203944
3,0.0076985000050626695
4,0.005070899998827372
5,0.004284299997380003
6,0.0042564999966998585
7,0.0059125000043422915
8,0.004562400004942901
9,0.004972900002030656
10,0.005577799995080568
11,0.006216100002347957
12,0.005550800000492018
13,0.00474709999980405
14,0.00548490000073798
15,0.00451450000400655
16,0.005772299999080133
17,0.004411900001286995
18,0.005121000001963694
19,0.0052681999950436875
20,0.004436100003658794
21,0.005993699996906798
22,0.00490410000202246
23,0.004193500004475936
24,0.0054616999987047166
25,0.004987300002539996
26,0.006851300000562333
27,0.0059422000049380586
28,0.005036000002291985
29,0.006089399998018052
30,0.005640800001856405
31,0.004531200000201352
32,0.005621600001177285
33,0.0052431000003707595
34,0.005152300000190735
35,0.005596800001512747
36,0.006471599997894373
37,0.00487040000007255
38,0.004469899999094196
39,0.004767200000060257
40,0.004579000000376254
41,0.0049199000059161335
42,0.004542800001217984
43,0.004195800000161398
44,0.005417799999122508
45,0.0048280999981216155
46,0.005510399998456705
47,0.004357099998742342
48,0.005516999997780658
49,0.005535500000405591
50,0.004828500001167413
51,0.005267599997750949
52,0.005188799994357396
53,0.006262200004130136
54,0.006121399994299281
55,0.005559799996262882
56,0.005008899999666028
57,0.0050858999966294505
58,0.005653200001688674
59,0.005083900003228337
60,0.0056790000016917475
61,0.00581160000001546
62,0.004526899996562861
63,0.004521700000623241
64,0.004918800004816148
65,0.0055447000049753115
66,0.004753699999128003
67,0.005230599999777041
68,0.004897500002698507
69,0.004518499998084735
70,0.005894100002478808
71,0.005715100000088569
72,0.005204399996728171
73,0.0048867000004975125
74,0.004452599998330697
75,0.0047344000049633905
76,0.004636400000890717
77,0.0049196000036317855
78,0.005009699998481665
79,0.005178400002478156
80,0.005377299996325746
81,0.004640200000721961
82,0.007392799998342525
83,0.005225399996561464
84,0.0043621999939205125
85,0.004595300000801217
86,0.005849200002558064
87,0.007513899996411055
88,0.00528669999766862
89,0.005359300004784018
90,0.00477110000065295
91,0.005179499996302184
92,0.005396599997766316
93,0.0042754000023705885
94,0.004413100003148429
95,0.004106200001842808
96,0.00811759999487549
97,0.003854500006127637
98,0.005222200001298916
99,0.00869070000044303
100,0.005206299996643793
260,flows
1,0.0060486000002129
2,0.006321599998045713
3,0.005285400002321694
4,0.005735200000344776
5,0.005532999995921273
6,0.0072725999998510815
7,0.00634419999551028
8,0.005347899998014327
9,0.004848299999139272
10,0.006345100002363324
11,0.0060321999990264885
12,0.011004300002241507
13,0.005921700001636054
14,0.004857599997194484
15,0.006187700004375074
16,0.005387899997003842
17,0.005371999999624677
18,0.0058172999997623265
19,0.004909100003715139
20,0.005177200000616722
21,0.006164599995827302
22,0.009573300005286
23,0.0053990999949746765
24,0.007565700005216058
25,0.005587999999988824
26,0.004856100000324659
27,0.007609000000229571
28,0.005377600005886052
29,0.004952199997205753
30,0.00634870000067167
31,0.005563899998378474
32,0.0052063000039197505
33,0.00456040000426583
34,0.0053153999979258515
35,0.005785399996966589
36,0.006411499998648651
37,0.005407800003013108
38,0.005016899995098356
39,0.005747199997131247
40,0.005516099998203572
41,0.005775400000857189
42,0.00748839999869233
43,0.005431400000816211
44,0.005273099995974917
45,0.006314800004474819
46,0.005389099998865277
47,0.005135400002473034
48,0.006782299999031238
49,0.006212000000232365
50,0.006025200003932696
51,0.006126599997514859
52,0.0061744999984512106
53,0.005198200000450015
54,0.007391800005279947
55,0.008729199995286763
56,0.006036099999619182
57,0.006599200001801364
58,0.005531999995582737
59,0.005660300004819874
60,0.0058392999999341555
61,0.004502499999944121
62,0.007742399997368921
63,0.005734800004574936
64,0.0058898999996017665
65,0.006393399999069516
66,0.00548710000293795
67,0.005925400000705849
68,0.006654699995124247
69,0.006388500005414244
70,0.007541099999798462
71,0.006723400001646951
72,0.005827299995871726
73,0.005672300001606345
74,0.0048862000039662234
75,0.005640799994580448
76,0.00676940000266768
77,0.006539900001371279
78,0.0061997000011615455
79,0.0061348000017460436
80,0.006134099996415898
81,0.0067713000025833026
82,0.00717840000288561
83,0.005909500003326684
84,0.006269400000746828
85,0.007714100000157487
86,0.008403600004385225
87,0.0047550000017508864
88,0.00556930000311695
89,0.007699800000409596
90,0.006078099999285769
91,0.007725700001174118
92,0.005386000004364178
93,0.005885999999009073
94,0.0070214000006671995
95,0.005181300002732314
96,0.006178299998282455
97,0.005178899999009445
98,0.005039000003307592
99,0.006167500003357418
100,0.005621799995424226
